ߖ,,Ǌx@inj,ǊԁEݏinj,s撬R[hinj,s{inj,s撬inj,ځinj,Ninj,inj,ꏊ̑,{֌W,Q̗L
ޓ,ԏ˂炢,,,011011,kC,Dys,U𐼂P,2018-05-09,23,ԁiցj,{,Ȃ
ޓ,ԏ˂炢,,,011011,kC,Dys,X𐼂S,2018-02-28,19,ԁiցj,{,Ȃ
ޓ,ԏ˂炢,,,011011,kC,Dys,X𐼂S,2018-05-06,22,ԁiցj,{,Ȃ
ޓ,ԏ˂炢,,,011011,kC,Dys,Q𐼂S,2018-06-11,10,H,{,
ޓ,ԏ˂炢,,K,011011,kC,Dys,kV𐼂QP,2018-05-17,00,ԁiցj,{,Ȃ
ޓ,ԏ˂炢,,k,011011,kC,Dys,kQ𓌂X,2018-03-25,17,ԁiցj,{,Ȃ
ޓ,ԏ˂炢,,,011045,kC,Dys΋,eTP,2018-02-12,00,H,{,Ȃ
ޓ,ԏ˂炢,,,011045,kC,Dys΋,eVQ,2018-02-11,01,ԁiցj,{,
ޓ,ԏ˂炢,,,011045,kC,Dys΋,eXP,2018-10-27,15,ԁiցj,{,Ȃ
ޓ,ԏ˂炢,,,011045,kC,Dys΋,eXP,2018-10-27,19,̑̏ZiRKĈȉZj,{,
ޓ,ԏ˂炢,,,011045,kC,Dys΋,e㒬SS,2018-03-30,18,̑,{,Ȃ
ޓ,ԏ˂炢,,e,011045,kC,Dys΋,DyUP,2018-05-02,09,ԁiցj,{,
ޓ,ԏ˂炢,,Β,011045,kC,Dys΋,aʂUړ,2018-04-11,12,ԁiցj,{,Ȃ
ޓ,ԏ˂炢,,Β,011045,kC,Dys΋,aʂVړ,2018-05-19,14,ԁiցj,{,Ȃ
ޓ,ԏ˂炢,,Β,011045,kC,Dys΋,aʂPږk,2018-02-06,20,H,{,Ȃ
ޓ,ԏ˂炢,,k,011045,kC,Dys΋,kQPO,2018-06-11,17,̑,{,Ȃ
ޓ,ԏ˂炢,,k,011045,kC,Dys΋,kRS,2018-05-08,19,ԁiցj,{,Ȃ
ޓ,ԏ˂炢,,k,011045,kC,Dys΋,kST,2018-10-08,18,ˌZ,{,Ȃ
ޓ,ԏ˂炢,,k,011045,kC,Dys΋,kSU,2018-10-08,22,ԁiցj,{,Ȃ
ޓ,ԏ˂炢,,k,011045,kC,Dys΋,kTX,2018-08-19,01,ԁiցj,{,
ޓ,ԏ˂炢,,k,011045,kC,Dys΋,kUR,2018-07-10,18,SKĈȏ㋤Z,{,
ޓ,ԏ˂炢,,k,011045,kC,Dys΋,ėPQ,2018-09-20,17,̑,{,
ޓ,ԏ˂炢,,싽,011045,kC,Dys΋,hʂR,2018-12-10,19,ԁiցj,{,Ȃ
ޓ,ԏ˂炢,,싽,011045,kC,Dys΋,hʂR,2018-12-10,20,SKĈȏ㋤Z,{,Ȃ
ޓ,ԏ˂炢,,싽,011045,kC,Dys΋,hʂX,2018-10-08,19,ԁiցj,{,Ȃ
ޓ,ԏ˂炢,,싽,011045,kC,Dys΋,hʂPO,2018-04-09,19,SKĈȏ㋤Z,{,Ȃ
ޓ,ԏ˂炢,,싽,011045,kC,Dys΋,hʂPR,2018-02-12,16,SKĈȏ㋤Z,{,Ȃ
ޓ,ԏ˂炢,,싽,011045,kC,Dys΋,싽ʂPړ,2018-07-15,10,ԁiցj,{,Ȃ
ޓ,ԏ˂炢,,싽,011045,kC,Dys΋,싽ʂQړ,2018-05-08,19,H,{,
ޓ,ԏ˂炢,,싽,011045,kC,Dys΋,싽ʂRړ,2018-12-10,20,SKĈȏ㋤Z,{,Ȃ
ޓ,ԏ˂炢,,싽,011045,kC,Dys΋,싽ʂPږk,2018-12-09,21,SKĈȏ㋤Z,{,Ȃ
ޓ,ԏ˂炢,,싽,011045,kC,Dys΋,싽ʂRږk,2018-09-26,20,H,{,Ȃ
ޓ,ԏ˂炢,,싽,011045,kC,Dys΋,싽ʂRږk,2018-09-26,21,H,{,Ȃ
ޓ,ԏ˂炢,,싽,011045,kC,Dys΋,싽ʂPTږk,2018-10-15,23,ԁiցj,{,Ȃ
ޓ,ԏ˂炢,,싽,011045,kC,Dys΋,{ʂRړ,2018-09-27,00,H,{,Ȃ
ޓ,ԏ˂炢,,싽,011045,kC,Dys΋,{ʂUږk,2018-09-06,04,̑̏ZiRKĈȉZj,{,
ޓ,ԏ˂炢,,,011045,kC,Dys΋,hʂPU,2018-10-05,22,̑̏ZiRKĈȉZj,{,Ȃ
ޓ,ԏ˂炢,,,011045,kC,Dys΋,hʂPV,2018-08-30,19,ԁiցj,{,Ȃ
ޓ,ԏ˂炢,,,011045,kC,Dys΋,hʂQP,2018-08-10,00,̑̏ZiRKĈȉZj,{,
ޓ,ԏ˂炢,,,011045,kC,Dys΋,싽ʂPUړ,2018-12-16,00,H,{,
ޓ,ԏ˂炢,,,011045,kC,Dys΋,싽ʂPVړ,2018-08-17,23,ԁiցj,{,
ޓ,ԏ˂炢,,,011045,kC,Dys΋,싽ʂPVړ,2018-12-14,18,ԁiցj,{,Ȃ
ޓ,ԏ˂炢,,,011045,kC,Dys΋,싽ʂPWړ,2018-07-16,17,SKĈȏ㋤Z,{,Ȃ
ޓ,ԏ˂炢,,,011045,kC,Dys΋,싽ʂPXړ,2018-09-14,20,ԁiցj,{,
ޓ,ԏ˂炢,,,011045,kC,Dys΋,aʂPRړ,2018-01-29,21,̑̏ZiRKĈȉZj,{,
ޓ,ԏ˂炢,,,011045,kC,Dys΋,aʂXږk,2018-12-05,17,H,{,
ޓ,ԏ˂炢,,,011045,kC,Dys΋,aʂPQږk,2018-06-18,11,ԁiցj,{,Ȃ
ޓ,ԏ˂炢,,,011045,kC,Dys΋,{ʂPOړ,2018-04-12,18,ԁiցj,{,Ȃ
ޓ,ԏ˂炢,,,011045,kC,Dys΋,{ʂPOړ,2018-04-12,19,ˌZ,{,
ޓ,ԏ˂炢,,,011045,kC,Dys΋,{ʂPRړ,2018-09-19,18,̑̏ZiRKĈȉZj,{,Ȃ
ޓ,ԏ˂炢,,,011045,kC,Dys΋,{ʂQPړ,2018-07-03,15,ԁiցj,{,Ȃ
ޓ,ԏ˂炢,,,011045,kC,Dys΋,{ʂQPړ,2018-09-06,09,ԁiցj,{,Ȃ
ޓ,ԏ˂炢,,ks,011045,kC,Dys΋,kPQ,2018-12-19,19,ˌZ,{,
ޓ,ԏ˂炢,,ks,011045,kC,Dys΋,kQQ,2018-07-17,13,ˌZ,{,Ȃ
ޓ,ԏ˂炢,,ks,011045,kC,Dys΋,kQQ,2018-08-18,15,ˌZ,{,Ȃ
ޓ,ԏ˂炢,,ks,011045,kC,Dys΋,kSPQ,2018-07-05,21,̑,{,
ޓ,ԏ˂炢,,ks,011045,kC,Dys΋,kSPQ,2018-07-06,19,̑̏ZiRKĈȉZj,{,
ޓ,ԏ˂炢,,ks,011045,kC,Dys΋,kSPR,2018-07-20,08,H,{,Ȃ
ޓ,ԏ˂炢,,ks,011045,kC,Dys΋,kRP,2018-07-11,19,ԁiցj,{,
ޓ,ԏ˂炢,,ks,011045,kC,Dys΋,kRP,2018-07-12,02,ˌZ,{,
ޓ,ԏ˂炢,,ks,011045,kC,Dys΋,kRQ,2018-07-05,15,ˌZ,{,
ޓ,ԏ˂炢,,ks,011045,kC,Dys΋,kRQ,2018-07-12,00,ԁiցj,{,
ޓ,ԏ˂炢,,ks,011045,kC,Dys΋,kSP,2018-08-18,07,H,{,Ȃ
ޓ,ԏ˂炢,,ks,011045,kC,Dys΋,kTP,2018-07-11,22,ˌZ,{,
ޓ,ԏ˂炢,,e,011045,kC,Dys΋,ePP,2018-12-24,15,̑̏ZiRKĈȉZj,{,
ޓ,ԏ˂炢,,e,011045,kC,Dys΋,eUR,2018-02-19,20,̑,{,
ޓ,ԏ˂炢,,e,011045,kC,Dys΋,eUS,2018-07-15,23,̑̏ZiRKĈȉZj,{,Ȃ
ޓ,ԏ˂炢,,e,011045,kC,Dys΋,eXQ,2018-05-18,17,ԁiցj,{,Ȃ
ޓ,ԏ˂炢,,ՎwO,011070,kC,Dys,,2018-08-25,08,̑,{,Ȃ
ޓ,ԏ˂炢,,Վ{,011070,kC,Dys,\lRV,2018-11-27,00,ԁiցj,{,Ȃ
ޓ,ԏ˂炢,,~R,011011,kC,Dys,kP𐼂QT,2018-04-19,14,ԁiցj,{,Ȃ
ޓ,ԏ˂炢,,~R,011011,kC,Dys,ER,2018-10-09,22,̑,{,
ޓ,ԏ˂炢,,~R,011011,kC,Dys,ER,2018-11-18,23,H,{,
ޓ,ԏ˂炢,,~R,011011,kC,Dys,ER,2018-11-25,22,ԁiցj,{,Ȃ
ޓ,ԏ˂炢,,~R,011011,kC,Dys,ER,2018-11-27,01,̑,{,
ޓ,ԏ˂炢,,~R,011011,kC,Dys,ES,2018-06-16,23,H,{,Ȃ
ޓ,ԏ˂炢,,~R,011011,kC,Dys,ES,2018-11-29,01,H,{,
ޓ,ԏ˂炢,,~R,011011,kC,Dys,ES,2018-12-16,02,H,{,
ޓ,ԏ˂炢,,~R,011011,kC,Dys,P𐼂QQ,2018-01-06,17,H,{,
ޓ,ԏ˂炢,,~R,011011,kC,Dys,Q𐼂QR,2017-12-30,18,H,{,
ޓ,ԏ˂炢,,~R,011011,kC,Dys,PP𐼂QR,2018-09-19,16,ԁiցj,{,Ȃ
ޓ,ԏ˂炢,,{̐X,011011,kC,Dys,{̐XRPO,2018-01-01,02,H,{,Ȃ
ޓ,ԏ˂炢,,,011070,kC,Dys,UPS,2018-07-11,16,H,{,Ȃ
ޓ,ԏ˂炢,,,011070,kC,Dys,POS,2018-12-03,17,ˌZ,{,Ȃ
ޓ,ԏ˂炢,,SHcn,011070,kC,Dys,RP,2018-10-21,08,ԁiցj,{,
ޓ,ԏ˂炢,,SHcn,011070,kC,Dys,PQS,2018-12-02,10,̑̏ZiRKĈȉZj,{,Ȃ
ޓ,ԏ˂炢,,SHcn,011070,kC,Dys,PRR,2018-11-21,18,H,{,Ȃ
ޓ,ԏ˂炢,,SHcn,011070,kC,Dys,PSR,2018-11-21,18,ˌZ,{,Ȃ
ޓ,ԏ˂炢,,SHcn,011070,kC,Dys,PSPS,2018-06-09,20,̑,{,Ȃ
ޓ,ԏ˂炢,,SHcn,011070,kC,Dys,PTR,2018-11-21,21,ˌZ,{,Ȃ
ޓ,ԏ˂炢,,,011070,kC,Dys,UU,2018-05-14,15,ˌZ,{,Ȃ
ޓ,ԏ˂炢,,,011070,kC,Dys,kPT,2018-02-16,12,ԁiցj,{,Ȃ
ޓ,ԏ˂炢,,,011070,kC,Dys,{̑ST,2018-02-28,18,ˌZ,{,
ޓ,ԏ˂炢,,,011070,kC,Dys,RR,2018-06-21,16,̑,{,Ȃ
ޓ,ԏ˂炢,,,011070,kC,Dys,UT,2018-01-16,19,ˌZ,{,Ȃ
ޓ,ԏ˂炢,,,011070,kC,Dys,WS,2018-01-14,22,ˌZ,{,Ȃ
ޓ,ԏ˂炢,,,011070,kC,Dys,POU,2018-03-27,21,ˌZ,{,Ȃ
ޓ,ԏ˂炢,,,011070,kC,Dys,aPS,2018-03-27,23,ˌZ,{,
ޓ,ԏ˂炢,,,011070,kC,Dys,aRPO,2018-05-14,19,ˌZ,{,Ȃ
ޓ,ԏ˂炢,,k\O,011037,kC,Dys,kW𓌂Q,2018-05-07,07,ԁiցj,{,
ޓ,ԏ˂炢,,k\O,011037,kC,Dys,kPX𓌂V,2018-08-10,21,SKĈȏ㋤Z,{,Ȃ
ޓ,ԏ˂炢,,c,011037,kC,Dys,{PQ,2018-08-22,23,ˌZ,{,Ȃ
ޓ,ԏ˂炢,,c,011037,kC,Dys,{PR,2018-01-04,16,SKĈȏ㋤Z,{,
ޓ,ԏ˂炢,,c,011037,kC,Dys,{QPO,2018-08-26,18,̑,{,Ȃ
ޓ,ԏ˂炢,,k\,011037,kC,Dys,kX𓌂PT,2018-01-04,19,H,{,Ȃ
ޓ,ԏ˂炢,,k\,011037,kC,Dys,kPX𓌂QQ,2018-01-15,16,ˌZ,{,
ޓ,ԏ˂炢,,k\,011037,kC,Dys,kPX𓌂QQ,2018-01-23,15,ˌZ,{,Ȃ
ޓ,ԏ˂炢,,h,011037,kC,Dys,kSP𓌂S,2018-12-06,00,̑̏ZiRKĈȉZj,{,
ޓ,ԏ˂炢,,h,011037,kC,Dys,kSQ𓌂P,2018-03-31,23,ԁiցj,{,Ȃ
ޓ,ԏ˂炢,,h,011037,kC,Dys,kSX𓌂Q,2018-03-17,15,SKĈȏ㋤Z,{,Ȃ
ޓ,ԏ˂炢,,k\Z,011037,kC,Dys,kQR𓌂T,2018-12-04,23,SKĈȏ㋤Z,{,Ȃ
ޓ,ԏ˂炢,,k\Z,011037,kC,Dys,kRP𓌂U,2018-05-15,23,ˌZ,{,
ޓ,ԏ˂炢,,k\Z,011037,kC,Dys,kRQ𓌂Q,2018-12-22,10,SKĈȏ㋤Z,{,Ȃ
ޓ,ԏ˂炢,,k\Z,011037,kC,Dys,kRR𓌂W,2018-11-21,18,ԁiցj,{,Ȃ
ޓ,ԏ˂炢,,k\Z,011037,kC,Dys,kRR𓌂X,2018-11-18,17,ԁiցj,{,Ȃ
ޓ,ԏ˂炢,,,011037,kC,Dys,kQO𓌂PX,2018-07-29,18,SKĈȏ㋤Z,{,
ޓ,ԏ˂炢,,,011037,kC,Dys,kQO𓌂QO,2018-01-15,21,H,{,Ȃ
ޓ,ԏ˂炢,,,011037,kC,Dys,kQP𓌂PU,2018-01-04,19,H,{,Ȃ
ޓ,ԏ˂炢,,,011037,kC,Dys,kQU𓌂QP,2018-05-05,12,ԁiցj,{,Ȃ
ޓ,ԏ˂炢,,,011037,kC,Dys,kRO𓌂PR,2018-04-27,10,H,{,
ޓ,ԏ˂炢,,c,011037,kC,Dys,cRP,2018-05-05,14,SKĈȏ㋤Z,{,Ȃ
ޓ,ԏ˂炢,,c,011037,kC,Dys,cPOQ,2018-08-17,19,ˌZ,{,
ޓ,ԏ˂炢,,c,011037,kC,Dys,cPOQ,2018-08-17,19,ˌZ,{,
ޓ,ԏ˂炢,,c,011037,kC,Dys,ÂTS,2018-02-17,09,H,{,
ޓ,ԏ˂炢,,c,011037,kC,Dys,ÂUS,2018-05-10,21,H,{,Ȃ
ޓ,ԏ˂炢,,c,011037,kC,Dys,ÂPOS,2018-05-12,20,ԁiցj,{,
ޓ,ԏ˂炢,,c,011037,kC,Dys,ÂPRR,2018-04-16,20,̑,{,
ޓ,ԏ˂炢,,u,011037,kC,Dys,kRU𓌂QP,2018-09-10,17,ˌZ,{,
ޓ,ԏ˂炢,,u,011037,kC,Dys,kRX𓌂QO,2018-01-24,20,SKĈȏ㋤Z,{,Ȃ
ޓ,ԏ˂炢,,u,011037,kC,Dys,kRX𓌂QP,2018-11-12,19,ˌZ,{,Ȃ
ޓ,ԏ˂炢,,u,011037,kC,Dys,,2018-10-19,18,H,{,Ȃ
ޓ,ԏ˂炢,,u,011037,kC,Dys,kuTQ,2018-08-28,00,ˌZ,{,
ޓ,ԏ˂炢,,u,011037,kC,Dys,嗈WQ,2018-11-21,18,̑,{,Ȃ
ޓ,ԏ˂炢,,u,011037,kC,Dys,TP,2018-11-11,17,̑,{,
ޓ,ԏ˂炢,,u,011037,kC,Dys,TQ,2018-08-29,17,ˌZ,{,
ޓ,ԏ˂炢,,u,011037,kC,Dys,UQ,2018-06-29,19,ԁiցj,{,Ȃ
ޓ,ԏ˂炢,,h,011037,kC,Dys,kRT𓌂PU,2018-11-21,19,ԁiցj,{,Ȃ
ޓ,ԏ˂炢,,h,011037,kC,Dys,kRT𓌂PV,2018-11-20,19,SKĈȏ㋤Z,{,Ȃ
ޓ,ԏ˂炢,,h,011037,kC,Dys,kRT𓌂PV,2018-11-21,17,ˌZ,{,Ȃ
ޓ,ԏ˂炢,,h,011037,kC,Dys,kRV𓌂PO,2018-09-03,21,̑̏ZiRKĈȉZj,{,Ȃ
ޓ,ԏ˂炢,,h,011037,kC,Dys,kRV𓌂PQ,2018-09-03,20,SKĈȏ㋤Z,{,Ȃ
ޓ,ԏ˂炢,,h,011037,kC,Dys,kRV𓌂PW,s,s,ԁiցj,{,Ȃ
ޓ,ԏ˂炢,,h,011037,kC,Dys,kRV𓌂PW,2018-10-23,22,ˌZ,{,
ޓ,ԏ˂炢,,h,011037,kC,Dys,kRX𓌂PS,2018-10-29,18,ˌZ,{,Ȃ
ޓ,ԏ˂炢,,h,011037,kC,Dys,kSQ𓌂PV,2018-04-22,21,̑̏ZiRKĈȉZj,{,Ȃ
ޓ,ԏ˂炢,,h,011037,kC,Dys,kSX𓌂W,2018-03-09,16,̑̏ZiRKĈȉZj,{,Ȃ
ޓ,ԏ˂炢,,h,011037,kC,Dys,kSX𓌂PR,2018-03-13,20,ˌZ,{,Ȃ
ޓ,ԏ˂炢,,h,011037,kC,Dys,kSX𓌂PS,2018-03-14,10,ˌZ,{,Ȃ
ޓ,ԏ˂炢,,Dc,011037,kC,Dys,cPPP,2018-12-05,17,ˌZ,{,Ȃ
ޓ,ԏ˂炢,,Dc,011037,kC,Dys,cPQR,2018-06-01,19,ˌZ,{,
ޓ,ԏ˂炢,,Dc,011037,kC,Dys,cPQR,2018-06-14,21,̑,{,Ȃ
ޓ,ԏ˂炢,,Dc,011037,kC,Dys,cPQR,2018-06-14,23,̑̏ZiRKĈȉZj,{,
ޓ,ԏ˂炢,,Dc,011037,kC,Dys,cPQR,2018-06-21,15,ˌZ,{,Ȃ
ޓ,ԏ˂炢,,Dc,011037,kC,Dys,cPQR,2018-06-21,21,̑̏ZiRKĈȉZj,{,
ޓ,ԏ˂炢,,Dc,011037,kC,Dys,cPQR,2018-09-25,19,ˌZ,{,Ȃ
ޓ,ԏ˂炢,,Dc,011037,kC,Dys,cPQR,2018-09-25,19,̑̏ZiRKĈȉZj,{,Ȃ
ޓ,ԏ˂炢,,Dc,011037,kC,Dys,cPQS,2018-06-14,19,ˌZ,{,
ޓ,ԏ˂炢,,Dc,011037,kC,Dys,cPQS,2018-06-14,20,H,{,
ޓ,ԏ˂炢,,Dc,011037,kC,Dys,cPQS,2018-06-20,01,̑̏ZiRKĈȉZj,{,Ȃ
ޓ,ԏ˂炢,,Dc,011037,kC,Dys,cPQS,2018-09-25,22,ˌZ,{,
ޓ,ԏ˂炢,,Dc,011037,kC,Dys,cPRQ,2018-07-18,19,H,{,Ȃ
ޓ,ԏ˂炢,,Dc,011037,kC,Dys,cPSQ,2018-05-26,17,ˌZ,{,
ޓ,ԏ˂炢,,Dc,011037,kC,Dys,cPSQ,2018-05-26,21,ˌZ,{,
ޓ,ԏ˂炢,,Dc,011037,kC,Dys,cPSR,2018-12-30,15,ˌZ,{,
ޓ,ԏ˂炢,,Dc,011037,kC,Dys,ÂPQS,2018-02-28,18,H,{,Ȃ
ޓ,ԏ˂炢,,Dc,011037,kC,Dys,ÂPQT,2018-06-11,18,̑̏ZiRKĈȉZj,{,Ȃ
ޓ,ԏ˂炢,,Dc,011037,kC,Dys,嗈WQ,2018-07-27,21,̑̏ZiRKĈȉZj,{,
ޓ,ԏ˂炢,,Dc,011037,kC,Dys,嗈WQ,2018-11-21,23,ˌZ,{,Ȃ
ޓ,ԏ˂炢,,Dc,011037,kC,Dys,嗈XQ,2018-07-16,06,H,{,
ޓ,ԏ˂炢,,Dc,011037,kC,Dys,嗈XS,2018-12-10,18,ˌZ,{,Ȃ
ޓ,ԏ˂炢,,Dc,011037,kC,Dys,ÂPSS,2018-03-14,13,ˌZ,{,Ȃ
ޓ,ԏ˂炢,,Dc,011037,kC,Dys,嗈POQ,2018-07-16,21,̑̏ZiRKĈȉZj,{,Ȃ
ޓ,ԏ˂炢,,Dc,011037,kC,Dys,嗈POS,2018-07-09,20,ˌZ,{,
ޓ,ԏ˂炢,,Dc,011037,kC,Dys,嗈PRQ,2018-03-26,19,̑̏ZiRKĈȉZj,{,
ޓ,ԏ˂炢,,Dc,011037,kC,Dys,嗈PRQ,2018-12-05,18,̑̏ZiRKĈȉZj,{,
ޓ,ԏ˂炢,,Dc,011037,kC,Dys,嗈PSQ,2018-06-21,19,ˌZ,{,Ȃ
ޓ,ԏ˂炢,],wO,012173,kC,]ʎs,TT,2018-04-24,18,ԁiցj,{,
ޓ,ԏ˂炢,],wO,012173,kC,]ʎs,,2018-09-21,03,ԁiցj,{,Ȃ
ޓ,ԏ˂炢,],wO,012173,kC,]ʎs,]ʐ,2018-05-18,21,ԁiցj,{,
ޓ,ԏ˂炢,],wO,012173,kC,]ʎs,]ʓ쒬,2018-09-20,19,ˌZ,{,
ޓ,ԏ˂炢,],wO,012173,kC,]ʎs,Ί,2018-02-22,19,ˌZ,{,
ޓ,ԏ˂炢,],wO,012173,kC,]ʎs,ΒP,2018-09-20,19,ԁiցj,{,Ȃ
ޓ,ԏ˂炢,],wO,012173,kC,]ʎs,],2018-02-22,23,ˌZ,{,Ȃ
ޓ,ԏ˂炢,],wO,012173,kC,]ʎs,],2018-02-22,23,ˌZ,{,Ȃ
ޓ,ԏ˂炢,],wO,012173,kC,]ʎs,],2018-11-21,22,ˌZ,{,Ȃ
ޓ,ԏ˂炢,],wO,012173,kC,]ʎs,,2018-01-03,10,ԁiցj,{,
ޓ,ԏ˂炢,],wO,012173,kC,]ʎs,,2018-08-18,19,ԁiցj,{,Ȃ
ޓ,ԏ˂炢,],wO,012173,kC,]ʎs,,2018-09-30,18,̑̏ZiRKĈȉZj,{,Ȃ
ޓ,ԏ˂炢,],wO,012173,kC,]ʎs,퐶,2018-09-20,20,H,{,
ޓ,ԏ˂炢,],wO,012173,kC,]ʎs,,2018-02-22,00,ˌZ,{,Ȃ
ޓ,ԏ˂炢,],wO,012173,kC,]ʎs,ݖ,2018-11-21,18,ˌZ,{,Ȃ
ޓ,ԏ˂炢,],pR,012173,kC,]ʎs,Hh,2018-10-02,17,̑,{,Ȃ
ޓ,ԏ˂炢,],pR,012173,kC,]ʎs,,2018-05-10,20,̑,{,
ޓ,ԏ˂炢,],y,012173,kC,]ʎs,K,2018-09-22,21,H,{,Ȃ
ޓ,ԏ˂炢,],y,012173,kC,]ʎs,K,2018-11-21,20,H,{,Ȃ
ޓ,ԏ˂炢,],y,012173,kC,]ʎs,ђ,2018-09-11,00,̑̏ZiRKĈȉZj,{,Ȃ
ޓ,ԏ˂炢,],y,012173,kC,]ʎs,yZg,2018-09-29,10,ԁiցj,{,Ȃ
ޓ,ԏ˂炢,],y,012173,kC,]ʎs,yXؒ,2018-09-19,20,ˌZ,{,Ȃ
ޓ,ԏ˂炢,],y,012173,kC,]ʎs,y,2018-02-05,11,ԁiցj,{,Ȃ
ޓ,ԏ˂炢,],y,012173,kC,]ʎs,y,2018-09-11,20,ԁiցj,{,
ޓ,ԏ˂炢,],y,012173,kC,]ʎs,y,2018-10-28,17,ԁiցj,{,Ȃ
ޓ,ԏ˂炢,],y,012173,kC,]ʎs,y,2018-11-10,18,ԁiցj,{,Ȃ
ޓ,ԏ˂炢,],y,012173,kC,]ʎs,yԓc,2018-04-30,14,ԁiցj,{,
ޓ,ԏ˂炢,],y,012173,kC,]ʎs,yԓc,2018-08-18,19,ˌZ,{,
ޓ,ԏ˂炢,],y,012173,kC,]ʎs,yԓc,2018-09-19,19,ˌZ,{,Ȃ
ޓ,ԏ˂炢,],y,012173,kC,]ʎs,yԓc,2018-09-19,20,H,{,Ȃ
ޓ,ԏ˂炢,],喃,012173,kC,]ʎs,喃,2018-02-05,11,H,{,Ȃ
ޓ,ԏ˂炢,],喃,012173,kC,]ʎs,喃,2018-01-03,10,ԁiցj,{,
ޓ,ԏ˂炢,],喃,012173,kC,]ʎs,喃,2018-02-05,11,ԁiցj,{,Ȃ
ޓ,ԏ˂炢,],喃,012173,kC,]ʎs,喃,2018-05-18,13,H,{,
ޓ,ԏ˂炢,],V,013048,kC,VÑ,SUk,2018-02-17,10,̑,{,Ȃ
ޓ,ԏ˂炢,],V,013048,kC,VÑ,SVk,2018-01-03,07,ԁiցj,{,Ȃ
ޓ,ԏ˂炢,],V,013048,kC,VÑ,SVk,2018-12-10,16,ԁiցj,{,
ޓ,ԏ˂炢,],,012173,kC,]ʎs,ڂ̒,2018-09-20,18,ԁiցj,{,
ޓ,ԏ˂炢,],,012173,kC,]ʎs,ڂ̒,2018-09-20,23,H,{,Ȃ
ޓ,ԏ˂炢,],,012173,kC,]ʎs,,2018-05-06,17,ԁiցj,{,Ȃ
ޓ,ԏ˂炢,],,012173,kC,]ʎs,Lyԉ,2018-06-29,20,H,{,Ȃ
ޓ,ԏ˂炢,],y,012173,kC,]ʎs,y,2018-10-25,21,ˌZ,{,Ȃ
ޓ,ԏ˂炢,],,012173,kC,]ʎs,y,2018-05-17,12,̑,{,Ȃ
ޓ,ԏ˂炢,,wO,012246,kC,Ύs,Q,2018-08-03,14,̑,{,
ޓ,ԏ˂炢,,wO,012246,kC,Ύs,S,2018-06-02,20,ˌZ,{,
ޓ,ԏ˂炢,,wO,012246,kC,Ύs,LR,2018-12-07,18,ԁiցj,{,Ȃ
ޓ,ԏ˂炢,,wO,012246,kC,Ύs,Q,2018-10-12,19,ˌZ,{,
ޓ,ԏ˂炢,,wO,012246,kC,Ύs,xuS,2018-10-02,22,ԁiցj,{,
ޓ,ԏ˂炢,,wO,012246,kC,Ύs,ԉS,2018-03-22,18,ԁiցj,{,Ȃ
ޓ,ԏ˂炢,,wO,012246,kC,Ύs,P,2018-02-14,16,ԁiցj,{,
ޓ,ԏ˂炢,,wO,012246,kC,Ύs,R,2018-05-17,22,ԁiցj,{,
ޓ,ԏ˂炢,,wO,012246,kC,Ύs,P,2018-02-14,19,ԁiցj,{,Ȃ
ޓ,ԏ˂炢,,wO,012246,kC,Ύs,Q,2018-08-24,17,ԁiցj,{,
ޓ,ԏ˂炢,,Vx,012246,kC,Ύs,؂Q,2018-08-07,19,H,{,Ȃ
ޓ,ԏ˂炢,,Vx,012246,kC,Ύs,؂R,2018-11-30,21,ԁiցj,{,
ޓ,ԏ˂炢,,Vx,012246,kC,Ύs,MZQ,2018-04-01,17,̑̏ZiRKĈȉZj,{,Ȃ
ޓ,ԏ˂炢,,Vx,012246,kC,Ύs,MZR,2018-05-30,01,H,{,
ޓ,ԏ˂炢,,Vx,012246,kC,Ύs,VxQ,2018-05-29,20,̑,{,
ޓ,ԏ˂炢,,Vx,012246,kC,Ύs,VxR,2018-03-18,00,ԁiցj,{,Ȃ
ޓ,ԏ˂炢,,Vx,012246,kC,Ύs,RPuP,2018-10-05,12,H,{,Ȃ
ޓ,ԏ˂炢,,Vx,012246,kC,Ύs,RPuQ,2018-04-09,02,H,{,Ȃ
ޓ,ԏ˂炢,,Vx,012246,kC,Ύs,RPuQ,2018-06-18,22,H,{,
ޓ,ԏ˂炢,,Vx,012246,kC,Ύs,RPuT,2018-11-30,12,ˌZ,{,
ޓ,ԏ˂炢,,Vx,012246,kC,Ύs,RPuV,2018-08-24,19,̑,{,
ޓ,ԏ˂炢,,Vx,012246,kC,Ύs,xmS,2018-10-02,22,ԁiցj,{,
ޓ,ԏ˂炢,,Vx,012246,kC,Ύs,klQ,2018-08-07,18,ԁiցj,{,Ȃ
ޓ,ԏ˂炢,,Vx,012246,kC,Ύs,klS,2018-07-13,17,ԁiցj,{,
ޓ,ԏ˂炢,,Vx,012246,kC,Ύs,klT,2018-08-07,19,ˌZ,{,Ȃ
ޓ,ԏ˂炢,,Vx,012246,kC,Ύs,kP,2018-03-18,15,ԁiցj,{,
ޓ,ԏ˂炢,,Vx,012246,kC,Ύs,kV,2018-03-18,19,ˌZ,{,Ȃ
ޓ,ԏ˂炢,,Vx,012246,kC,Ύs,swOR,2018-04-20,20,H,{,
ޓ,ԏ˂炢,,Vx,012246,kC,Ύs,kzR,2018-02-16,19,ԁiցj,{,
ޓ,ԏ˂炢,,Vx,012246,kC,Ύs,kzS,2018-03-18,23,ԁiցj,{,Ȃ
ޓ,ԏ˂炢,,Vx,012246,kC,Ύs,kzT,2018-08-18,20,ˌZ,{,Ȃ
ޓ,ԏ˂炢,,Vx,012246,kC,Ύs,kzV,2018-10-12,22,ԁiցj,{,
ޓ,ԏ˂炢,,Vx,012246,kC,Ύs,EQ,2018-11-28,22,ԁiցj,{,
ޓ,ԏ˂炢,,Vx,012246,kC,Ύs,ET,2018-06-15,19,̑̏ZiRKĈȉZj,{,Ȃ
ޓ,ԏ˂炢,,Vx,012246,kC,Ύs,݂ǂP,2018-01-15,20,ԁiցj,{,
ޓ,ԏ˂炢,,Vx,012246,kC,Ύs,݂ǂR,2018-01-15,19,ˌZ,{,
ޓ,ԏ˂炢,,{,012246,kC,Ύs,tR,2018-10-15,22,H,{,
ޓ,ԏ˂炢,,{,012246,kC,Ύs,U,2018-02-09,08,ԁiցj,{,
ޓ,ԏ˂炢,,{,012246,kC,Ύs,j؂S,2018-10-05,01,ԁiցj,{,Ȃ
ޓ,ԏ˂炢,,{,012246,kC,Ύs,^,2018-06-07,14,ԁiցj,{,
ޓ,ԏ˂炢,,{,012246,kC,Ύs,^,2018-12-14,18,̑,{,Ȃ
ޓ,ԏ˂炢,,{,012246,kC,Ύs,{R,2018-06-07,18,̑,{,
ޓ,ԏ˂炢,,{,012246,kC,Ύs,^XnR,2018-01-16,18,ԁiցj,{,
ޓ,ԏ˂炢,,{,012246,kC,Ύs,^XnR,2018-01-17,19,ԁiցj,{,
ޓ,ԏ˂炢,,{,012246,kC,Ύs,^XnR,2018-01-28,13,ԁiցj,{,Ȃ
ޓ,ԏ˂炢,,{,012246,kC,Ύs,aP,2018-12-08,14,ˌZ,{,Ȃ
ޓ,ԏ˂炢,,{,012246,kC,Ύs,aS,2018-03-21,00,ԁiցj,{,Ȃ
ޓ,ԏ˂炢,,{,012246,kC,Ύs,aS,2018-10-15,20,ԁiցj,{,Ȃ
ޓ,ԏ˂炢,,{,012246,kC,Ύs,P,2018-11-12,17,ˌZ,{,Ȃ
ޓ,ԏ˂炢,,x┌,012246,kC,Ύs,x,2018-07-28,13,H,{,Ȃ
ޓ,ԏ˂炢,,x┌,012246,kC,Ύs,x,2018-08-23,11,ԁiցj,{,
ޓ,ԏ˂炢,,x┌,012246,kC,Ύs,x,2018-12-15,08,H,{,Ȃ
ޓ,ԏ˂炢,,x┌,012246,kC,Ύs,J,2018-06-16,09,̑,{,
ޓ,ԏ˂炢,,,012246,kC,Ύs,s,2018-11-27,22,ԁiցj,{,Ȃ
ޓ,ԏ˂炢,,b,012319,kC,bs,,2018-01-30,00,H,{,Ȃ
ޓ,ԏ˂炢,,b,012319,kC,bs,LU,2018-10-19,16,ԁiցj,{,Ȃ
ޓ,ԏ˂炢,,b,012319,kC,bs,,2018-02-09,06,ԁiցj,{,Ȃ
ޓ,ԏ˂炢,,b,012319,kC,bs,,2018-02-21,20,ԁiցj,{,
ޓ,ԏ˂炢,,b,012319,kC,bs,,2018-09-13,15,̑,{,Ȃ
ޓ,ԏ˂炢,,b,012319,kC,bs,咬P,2018-10-26,18,ԁiցj,{,Ȃ
ޓ,ԏ˂炢,,b,012319,kC,bs,ؒP,2018-06-08,19,ˌZ,{,
ޓ,ԏ˂炢,,b,012319,kC,bs,ؒR,2018-06-08,23,ԁiցj,{,Ȃ
ޓ,ԏ˂炢,,b,012319,kC,bs,kؒQ,2018-05-10,18,H,{,Ȃ
ޓ,ԏ˂炢,,b,012319,kC,bs,P,2018-09-25,22,ԁiցj,{,Ȃ
ޓ,ԏ˂炢,,b,012319,kC,bs,{R,2018-08-08,06,H,{,
ޓ,ԏ˂炢,,b,012319,kC,bs,S,2018-11-06,21,ԁiցj,{,
ޓ,ԏ˂炢,,b,012319,kC,bs,zR,2018-02-20,17,ԁiցj,{,
ޓ,ԏ˂炢,,b,012319,kC,bs,zR,2018-02-20,19,̑,{,
ޓ,ԏ˂炢,,b,012319,kC,bs,ՐK,2018-04-21,11,ԁiցj,{,
ޓ,ԏ˂炢,,b,012319,kC,bs,ՐK,2018-05-04,15,ԁiցj,{,
ޓ,ԏ˂炢,,b,012319,kC,bs,ՐK,2018-06-06,11,ԁiցj,{,
ޓ,ԏ˂炢,,b,012319,kC,bs,ՐK,2018-06-16,13,ԁiցj,{,
ޓ,ԏ˂炢,,b,012319,kC,bs,ՐK,2018-09-17,14,H,{,Ȃ
ޓ,ԏ˂炢,,b,012319,kC,bs,ՐK,2018-10-23,15,ԁiցj,{,
ޓ,ԏ˂炢,,,012319,kC,bs,R,2018-11-12,23,H,{,Ȃ
ޓ,ԏ˂炢,,,012319,kC,bs,S,2018-02-28,00,H,{,Ȃ
ޓ,ԏ˂炢,,,012319,kC,bs,{P,2018-11-10,23,ˌZ,{,Ȃ
ޓ,ԏ˂炢,,,012319,kC,bs,{R,2018-02-27,21,ԁiցj,{,
ޓ,ԏ˂炢,,bݖ,012319,kC,bs,T,2018-02-27,22,ԁiցj,{,Ȃ
ޓ,ԏ˂炢,,bݖ,012319,kC,bs,bݖ쐼Q,2018-05-06,21,ԁiցj,{,Ȃ
ޓ,ԏ˂炢,,bݖ,012319,kC,bs,bݖS,2018-09-05,18,ԁiցj,{,
ޓ,ԏ˂炢,,bݖ,012319,kC,bs,bݖS,2018-11-13,19,̑,{,
ޓ,ԏ˂炢,,bݖ,012319,kC,bs,bݖkQ,2018-11-13,17,ԁiցj,{,Ȃ
ޓ,ԏ˂炢,,bݖ,012319,kC,bs,bݖkR,2018-07-09,09,ԁiցj,{,Ȃ
ޓ,ԏ˂炢,,bݖ,012319,kC,bs,bݖ쓌P,2018-09-05,19,ԁiցj,{,Ȃ
ޓ,ԏ˂炢,,bݖ,012319,kC,bs,bݖ쓌P,2018-11-13,19,̑,{,
ޓ,ԏ˂炢,,Zg,012246,kC,Ύs,tR,2018-10-22,10,ԁiցj,{,Ȃ
ޓ,ԏ˂炢,,Zg,012246,kC,Ύs,tS,2018-05-29,10,ԁiցj,{,Ȃ
ޓ,ԏ˂炢,,Zg,012246,kC,Ύs,~uP,2018-02-09,09,ԁiցj,{,Ȃ
ޓ,ԏ˂炢,,Zg,012246,kC,Ύs,R,2018-03-21,18,H,{,
ޓ,ԏ˂炢,,Zg,012246,kC,Ύs,uz,2018-09-15,18,ԁiցj,{,Ȃ
ޓ,ԏ˂炢,,Zg,012246,kC,Ύs,uz,2018-10-12,17,ԁiցj,{,
ޓ,ԏ˂炢,,Zg,012246,kC,Ύs,LQ,2018-09-15,18,H,{,
ޓ,ԏ˂炢,,Zg,012246,kC,Ύs,LR,2018-10-04,20,H,{,Ȃ
ޓ,ԏ˂炢,,Zg,012246,kC,Ύs,S,2018-07-02,22,ˌZ,{,
ޓ,ԏ˂炢,,bwO,012319,kC,bs,aR,2018-09-15,23,ԁiցj,{,
ޓ,ԏ˂炢,,bwO,012319,kC,bs,kS,2018-12-27,17,ԁiցj,{,
ޓ,ԏ˂炢,,bwO,012319,kC,bs,ZgQ,2018-07-31,19,ԁiցj,{,Ȃ
ޓ,ԏ˂炢,,bwO,012319,kC,bs,P,2018-05-25,17,̑̏ZiRKĈȉZj,{,Ȃ
ޓ,ԏ˂炢,,bwO,012319,kC,bs,V,2018-05-28,23,ˌZ,{,Ȃ
ޓ,ԏ˂炢,〈,wO,012106,kC,〈s,,2018-01-27,18,̑,{,Ȃ
ޓ,ԏ˂炢,〈,wO,012106,kC,〈s,Q𐼂Q,2018-01-03,13,H,{,
ޓ,ԏ˂炢,〈,wO,012106,kC,〈s,Q𓌂PR,2018-11-10,22,̑,{,Ȃ
ޓ,ԏ˂炢,〈,wO,012106,kC,〈s,X𐼂PX,2018-09-24,17,ԁiցj,{,
ޓ,ԏ˂炢,〈,wO,012106,kC,〈s,X𐼂PX,2018-11-10,15,ԁiցj,{,Ȃ
ޓ,ԏ˂炢,〈,wO,012106,kC,〈s,PO𐼂S,2018-11-15,14,H,{,Ȃ
ޓ,ԏ˂炢,〈,wO,012106,kC,〈s,kP𐼂PS,2018-02-27,19,ˌZ,{,Ȃ
ޓ,ԏ˂炢,〈,wO,012106,kC,〈s,Q𓌂R,2018-02-27,19,̑̏ZiRKĈȉZj,{,Ȃ
ޓ,ԏ˂炢,〈,wO,012106,kC,〈s,Q𓌂R,2018-09-07,19,̑̏ZiRKĈȉZj,{,Ȃ
ޓ,ԏ˂炢,〈,wO,012106,kC,〈s,aPQ,2018-02-05,15,ˌZ,{,
ޓ,ԏ˂炢,〈,wO,012106,kC,〈s,aPW,2018-09-24,19,ԁiցj,{,Ȃ
ޓ,ԏ˂炢,〈,wO,012106,kC,〈s,aQR,2018-11-11,02,H,{,Ȃ
ޓ,ԏ˂炢,〈,wO,012106,kC,〈s,aQW,2018-01-03,12,̑,{,Ȃ
ޓ,ԏ˂炢,〈,,012106,kC,〈s,P𓌂S,2018-02-06,18,̑̏ZiRKĈȉZj,{,Ȃ
ޓ,ԏ˂炢,〈,,012106,kC,〈s,S𓌂T,2018-11-10,20,H,{,Ȃ
ޓ,ԏ˂炢,〈,,012106,kC,〈s,T𓌂Q,2018-03-12,20,ԁiցj,{,Ȃ
ޓ,ԏ˂炢,〈,,012106,kC,〈s,V𐼂PW,2018-12-24,12,ˌZ,{,
ޓ,ԏ˂炢,〈,,012106,kC,〈s,kS𐼂PQ,2018-02-27,06,̑̏ZiRKĈȉZj,{,Ȃ
ޓ,ԏ˂炢,〈,,012106,kC,〈s,u,2018-11-08,07,̑̏ZiRKĈȉZj,{,
ޓ,ԏ˂炢,〈,,012106,kC,〈s,̏oS,2018-09-07,20,ˌZ,{,Ȃ
ޓ,ԏ˂炢,〈,,012106,kC,〈s,ŒV,2018-10-30,08,SKĈȏ㋤Z,{,
ޓ,ԏ˂炢,〈,,012106,kC,〈s,Q,2018-10-31,22,H,{,Ȃ
ޓ,ԏ˂炢,〈,,012106,kC,〈s,Q,2018-12-14,08,ˌZ,{,
ޓ,ԏ˂炢,〈,y,012106,kC,〈s,yPR,2018-05-12,19,H,{,Ȃ
ޓ,ԏ˂炢,〈,y,012106,kC,〈s,yQQ,2018-10-21,10,ˌZ,{,Ȃ
ޓ,ԏ˂炢,〈,y,012106,kC,〈s,yRP,2018-08-26,06,ˌZ,{,Ȃ
ޓ,ԏ˂炢,〈,,012106,kC,〈s,ΒQ,2018-09-06,17,ˌZ,{,
ޓ,ԏ˂炢,〈,,012106,kC,〈s,,2018-05-24,16,̑,{,Ȃ
ޓ,ԏ˂炢,〈,`,014303,kC,`,{,2018-05-20,16,H,{,Ȃ
ޓ,ԏ˂炢,〈,`,014303,kC,`,s,2018-08-02,23,̑̏ZiRKĈȉZj,{,
ޓ,ԏ˂炢,〈,u,012106,kC,〈s,u,2018-03-05,23,̑̏ZiRKĈȉZj,{,
ޓ,ԏ˂炢,〈,u,012106,kC,〈s,u,2018-11-04,16,ˌZ,{,Ȃ
ޓ,ԏ˂炢,〈,,012106,kC,〈s,tR,2018-11-08,18,ԁiցj,{,Ȃ
ޓ,ԏ˂炢,〈,,012106,kC,〈s,tS,2018-04-30,14,H,{,
ޓ,ԏ˂炢,〈,,012106,kC,〈s,쒬SP,2018-09-11,06,̑̏ZiRKĈȉZj,{,Ȃ
ޓ,ԏ˂炢,〈,,012106,kC,〈s,쒬WR,2018-10-27,15,ԁiցj,{,
ޓ,ԏ˂炢,〈,O}x@,012220,kC,O}s,K,2018-10-28,19,̑̏ZiRKĈȉZj,{,
ޓ,ԏ˂炢,〈,O}x@,012220,kC,O}s,,2018-10-28,17,ˌZ,{,Ȃ
ޓ,ԏ˂炢,〈,O}x@,012220,kC,O}s,ᑐ,2018-01-18,18,̑,{,Ȃ
ޓ,ԏ˂炢,〈,t,012220,kC,O}s,j,2018-09-01,10,ԁiցj,{,
ޓ,ԏ˂炢,IR,wO,014290,kC,IR,R,2018-09-10,18,̑,{,
ޓ,ԏ˂炢,IR,wO,014290,kC,IR,S,2018-12-12,19,ˌZ,{,
ޓ,ԏ˂炢,IR,wO,014290,kC,IR,S,2018-01-15,17,̑,{,
ޓ,ԏ˂炢,IR,O,014273,kC,Rm,O,2018-12-27,16,ԁiցj,{,
ޓ,ԏ˂炢,IR,,014281,kC,,Q,2018-12-09,00,ˌZ,{,
ޓ,ԏ˂炢,IR,,014281,kC,,S,2018-12-08,17,ԁiցj,{,
ޓ,ԏ˂炢,IR,,014281,kC,,T,2018-12-08,18,ˌZ,{,
ޓ,ԏ˂炢,IR,,014281,kC,,Uk,2018-12-08,10,ˌZ,{,Ȃ
ޓ,ԏ˂炢,IR,,014281,kC,,Tk,2018-09-18,17,ˌZ,{,Ȃ
ޓ,ԏ˂炢,IR,,014281,kC,,kP,2018-01-15,17,̑,{,
ޓ,ԏ˂炢,IR,,014281,kC,,{P,2018-11-15,13,ԁiցj,{,Ȃ
ޓ,ԏ˂炢,IR,쒷,014281,kC,,S,2018-12-08,15,ˌZ,{,Ȃ
ޓ,ԏ˂炢,IR,쒷,014281,kC,,S,2018-12-08,16,ˌZ,{,Ȃ
ޓ,ԏ˂炢,IR,쒷,014281,kC,,S,2018-12-08,18,ˌZ,{,Ȃ
ޓ,ԏ˂炢,IR,쒷,014281,kC,,T,2018-12-08,11,̑,{,Ȃ
ޓ,ԏ˂炢,IR,y,014231,kC,y,P,2018-11-10,18,ԁiցj,{,
ޓ,ԏ˂炢,IR,y,014231,kC,y,S,2018-09-23,20,ˌZ,{,Ȃ
ޓ,ԏ˂炢,IR,y,014231,kC,y,ΒQ,2018-09-16,16,ˌZ,{,
ޓ,ԏ˂炢,IR,암,012092,kC,[s,,2018-04-29,15,H,{,
ޓ,ԏ˂炢,IR,gtR,012092,kC,[s,gtR,2018-11-28,22,ˌZ,{,Ȃ
ޓ,ԏ˂炢,S,wO,012157,kC,Ss,RkQ,2018-11-15,19,ˌZ,{,Ȃ
ޓ,ԏ˂炢,S,wO,012157,kC,Ss,RkT,2018-10-31,18,ˌZ,{,Ȃ
ޓ,ԏ˂炢,S,wO,012157,kC,Ss,ʐPkP,2018-11-15,15,̑,{,
ޓ,ԏ˂炢,,wO,012262,kC,s,QQ,2018-05-11,01,ԁiցj,{,Ȃ
ޓ,ԏ˂炢,,wO,012262,kC,s,VS,2018-01-19,18,ԁiցj,{,
ޓ,ԏ˂炢,,wO,012262,kC,s,QkW,2018-11-15,18,H,{,Ȃ
ޓ,ԏ˂炢,,ވ],014249,kC,ވ],,2018-04-26,16,ԁiցj,{,Ȃ
ޓ,ԏ˂炢,,ވ],014249,kC,ވ],ވ],2018-09-15,17,H,{,
ޓ,ԏ˂炢,,ވ],014249,kC,ވ],ވ],2018-10-21,18,H,{,Ȃ
ޓ,ԏ˂炢,,ވ],014249,kC,ވ],ވ],2018-11-15,16,ԁiցj,{,Ȃ
ޓ,ԏ˂炢,,ވ],014249,kC,ވ],ވ],2018-02-17,14,ԁiցj,{,
ޓ,ԏ˂炢,,ވ],014249,kC,ވ],ވ],2018-11-15,12,̑̏ZiRKĈȉZj,{,Ȃ
ޓ,ԏ˂炢,,㍻,014257,kC,㍻쒬,GQQ,2018-04-26,19,ԁiցj,{,Ȃ
ޓ,ԏ˂炢,,YP,014311,kC,YP,LiEXiC,2018-05-20,16,ԁiցj,{,
ޓ,ԏ˂炢,,wO,012254,kC,s,R,2018-09-18,21,ˌZ,{,
ޓ,ԏ˂炢,,wO,012254,kC,s,T,2018-09-18,19,ˌZ,{,Ȃ
ޓ,ԏ˂炢,,,012254,kC,s,P,2018-11-06,16,ˌZ,{,Ȃ
ޓ,ԏ˂炢,,,012254,kC,s,Q,2018-11-06,20,ˌZ,{,
ޓ,ԏ˂炢,,,012254,kC,s,S,2018-11-06,20,̑̏ZiRKĈȉZj,{,
ޓ,ԏ˂炢,,,012254,kC,s,S,2018-11-05,16,ˌZ,{,
ޓ,ԏ˂炢,,,012254,kC,s,KR,2018-09-21,21,̑̏ZiRKĈȉZj,{,
ޓ,ԏ˂炢,,,012254,kC,s,KP,2018-09-17,01,̑̏ZiRKĈȉZj,{,
ޓ,ԏ˂炢,,V\Ð,014320,kC,V\Ð쒬,i,2018-05-20,16,̑,{,Ȃ
ޓ,ԏ˂炢,,V\Ð,014320,kC,V\Ð쒬,,2018-08-26,19,ԁiցj,{,
ޓ,ԏ˂炢,,V\Ð,014320,kC,V\Ð쒬,,2018-08-29,17,ˌZ,{,Ȃ
ޓ,ԏ˂炢,,V\Ð,014320,kC,V\Ð쒬,,2018-08-29,19,ˌZ,{,
ޓ,ԏ˂炢,,V\Ð,014320,kC,V\Ð쒬,,2018-08-29,21,ˌZ,{,
ޓ,ԏ˂炢,,],012254,kC,s,]PQ,2018-04-15,15,̑,{,
ޓ,ԏ˂炢,ԉ,,012271,kC,̎us,,2018-11-15,16,H,{,
ޓ,ԏ˂炢,,,012165,kC,ʎs,,2018-06-17,10,ԁiցj,{,
ޓ,ԏ˂炢,,,012165,kC,ʎs,,2018-10-09,14,ԁiցj,{,
ޓ,ԏ˂炢,M,,012033,kC,Ms,KS,2018-04-13,16,ԁiցj,{,
ޓ,ԏ˂炢,M,,012033,kC,Ms,KS,2018-04-13,22,ԁiցj,{,
ޓ,ԏ˂炢,M,,012033,kC,Ms,,2018-11-12,19,ˌZ,{,Ȃ
ޓ,ԏ˂炢,M,,012033,kC,Ms,,2018-11-12,22,ˌZ,{,
ޓ,ԏ˂炢,M,{,012033,kC,Ms,ԊP,2018-10-16,16,ˌZ,{,
ޓ,ԏ˂炢,M,{,012033,kC,Ms,ԊQ,2018-10-16,19,SKĈȏ㋤Z,{,
ޓ,ԏ˂炢,M,{,012033,kC,Ms,L,2018-10-16,23,ˌZ,{,
ޓ,ԏ˂炢,M,{,012033,kC,Ms,T,2018-10-16,17,̑,{,
ޓ,ԏ˂炢,M,{,012033,kC,Ms,{P,2018-11-15,07,̑,{,Ȃ
ޓ,ԏ˂炢,M,{,012033,kC,Ms,L쒬,2018-11-12,18,H,{,
ޓ,ԏ˂炢,M,ԉ,012033,kC,Ms,FP,2018-09-27,11,ԁiցj,{,Ȃ
ޓ,ԏ˂炢,M,ŏ,012033,kC,Ms,DS,2018-08-20,00,H,{,
ޓ,ԏ˂炢,M,ᏼ,012033,kC,Ms,V_R,2018-04-24,11,̑,{,Ȃ
ޓ,ԏ˂炢,M,z`,012033,kC,Ms,z`,2018-09-11,17,̑,{,Ȃ
ޓ,ԏ˂炢,M,z`,012033,kC,Ms,|,2018-08-24,20,ԁiցj,{,Ȃ
ޓ,ԏ˂炢,M,z`,012033,kC,Ms,|,2018-12-04,17,ԁiցj,{,Ȃ
ޓ,ԏ˂炢,M,,012033,kC,Ms,Q,2018-01-31,22,ԁiցj,{,
ޓ,ԏ˂炢,M,,012033,kC,Ms,Q,2018-02-01,00,ˌZ,{,
ޓ,ԏ˂炢,M,,012033,kC,Ms,T,2018-01-31,19,ˌZ,{,
ޓ,ԏ˂炢,M,,012033,kC,Ms,T,2018-01-31,21,H,{,Ȃ
ޓ,ԏ˂炢,M,,012033,kC,Ms,T,2018-01-31,22,ˌZ,{,
ޓ,ԏ˂炢,M,,012033,kC,Ms,T,2018-12-04,22,ˌZ,{,Ȃ
ޓ,ԏ˂炢,M,,012033,kC,Ms,]mQ,2018-10-12,17,ˌZ,{,Ȃ
ޓ,ԏ˂炢,M,K,012033,kC,Ms,KP,2018-03-22,17,ԁiցj,{,Ȃ
ޓ,ԏ˂炢,M,K,012033,kC,Ms,KQ,2018-09-24,20,ˌZ,{,
ޓ,ԏ˂炢,M,K,012033,kC,Ms,KQ,2018-09-24,21,ˌZ,{,Ȃ
ޓ,ԏ˂炢,M,K,012033,kC,Ms,KQ,2018-09-24,22,̑,{,
ޓ,ԏ˂炢,M,K,012033,kC,Ms,KQ,2018-12-04,20,ˌZ,{,
ޓ,ԏ˂炢,M,,012033,kC,Ms,Q,2018-07-25,17,ˌZ,{,
ޓ,ԏ˂炢,M,,012033,kC,Ms,R,2018-07-24,21,ˌZ,{,
ޓ,ԏ˂炢,M,,012033,kC,Ms,R,2018-07-24,21,ˌZ,{,
ޓ,ԏ˂炢,M,,012033,kC,Ms,S,2018-08-28,18,ԁiցj,{,Ȃ
ޓ,ԏ˂炢,M,,012033,kC,Ms,쉷Q,2018-07-08,10,ԁiցj,{,
ޓ,ԏ˂炢,M,,012033,kC,Ms,쉷Q,2018-08-26,10,ԁiցj,{,
ޓ,ԏ˂炢,M,,012033,kC,Ms,VS,2018-04-16,18,ˌZ,{,
ޓ,ԏ˂炢,M,,012033,kC,Ms,VS,2018-04-16,22,ˌZ,{,Ȃ
ޓ,ԏ˂炢,M,,012033,kC,Ms,VT,2018-12-26,18,ˌZ,{,Ȃ
ޓ,ԏ˂炢,M,J,012033,kC,Ms,JP,2018-08-27,19,̑,{,Ȃ
ޓ,ԏ˂炢,M,J,012033,kC,Ms,JP,2018-10-12,19,̑,{,Ȃ
ޓ,ԏ˂炢,M,I^C,012033,kC,Ms,I^CP,2018-09-22,19,ԁiցj,{,Ȃ
ޓ,ԏ˂炢,]s,wO,014087,kC,]s,쒬W,2018-03-06,10,ˌZ,{,Ȃ
ޓ,ԏ˂炢,]s,wO,014087,kC,]s,쒬W,2018-03-06,18,̑̏ZiRKĈȉZj,{,
ޓ,ԏ˂炢,]s,wO,014087,kC,]s,쒬X,2018-03-06,12,ԁiցj,{,
ޓ,ԏ˂炢,]s,wO,014087,kC,]s,쒬PP,2018-10-08,19,̑̏ZiRKĈȉZj,{,Ȃ
ޓ,ԏ˂炢,]s,wO,014087,kC,]s,쒬PX,2018-10-07,23,ԁiցj,{,
ޓ,ԏ˂炢,]s,wO,014087,kC,]s,쒬,2018-08-10,19,ԁiցj,{,Ȃ
ޓ,ԏ˂炢,]s,wO,014087,kC,]s,쒬,2018-09-08,21,ԁiցj,{,
ޓ,ԏ˂炢,]s,wO,014087,kC,]s,쒬R,2018-08-28,18,ԁiցj,{,Ȃ
ޓ,ԏ˂炢,]s,wO,014087,kC,]s,쒬PU,2018-10-07,23,ˌZ,{,
ޓ,ԏ˂炢,]s,wO,014087,kC,]s,쒬PV,2018-03-25,16,ԁiցj,{,
ޓ,ԏ˂炢,]s,wO,014087,kC,]s,쒬PV,2018-10-08,17,ԁiցj,{,
ޓ,ԏ˂炢,]s,,014087,kC,]s,򒬂S,2018-08-03,16,ԁiցj,{,
ޓ,ԏ˂炢,]s,,014087,kC,]s,x򒬂PR,2018-08-04,00,H,{,
ޓ,ԏ˂炢,]s,Õ,014061,kC,Õ,厚Vn,2018-03-14,22,ԁiցj,{,
ޓ,ԏ˂炢,]s,Õ,014061,kC,Õ,厚{,2018-03-14,17,H,{,
ޓ,ԏ˂炢,]s,,014052,kC,ϒO,厚D,2018-03-14,16,̑,{,
ޓ,ԏ˂炢,]s,,014052,kC,ϒO,厚D,2018-03-14,21,ԁiցj,{,
ޓ,ԏ˂炢,m,wO,014001,kC,m,kS𓌂S,2018-02-23,20,SKĈȏ㋤Z,{,Ȃ
ޓ,ԏ˂炢,m,wO,014001,kC,m,kT𓌂R,2018-08-24,21,̑̏ZiRKĈȉZj,{,
ޓ,ԏ˂炢,m,wO,014001,kC,m,U𐼂P,2018-09-17,21,ˌZ,{,
ޓ,ԏ˂炢,m,wO,014001,kC,m,U𐼂Q,2018-11-04,10,ˌZ,{,Ȃ
ޓ,ԏ˂炢,m,jZR,013951,kC,jZR,L,2018-09-27,19,SKĈȏ㋤Z,{,
ޓ,ԏ˂炢,m,jZR,013951,kC,jZR,{,2018-09-27,22,ˌZ,{,
ޓ,ԏ˂炢,m,Ε,013986,kC,Εʒ,Ε,2018-02-23,17,̑̏ZiRKĈȉZj,{,Ȃ
ޓ,ԏ˂炢,m,Ε,013986,kC,Εʒ,Ε,2018-02-24,00,H,{,Ȃ
ޓ,ԏ˂炢,m,Ε,013986,kC,Εʒ,Ε,2018-10-01,19,̑̏ZiRKĈȉZj,{,
ޓ,ԏ˂炢,m,s,013978,kC,s,,2018-02-07,05,̑,{,Ȃ
ޓ,ԏ˂炢,,_b,014044,kC,_b,厚_b,2018-03-19,20,̑,{,
ޓ,ԏ˂炢,ɒB,,,,,,2018-03-22,13,̑,{,Ȃ
ޓ,ԏ˂炢,ɒB,wO,012335,kC,ɒBs,i,2018-02-03,08,ԁiցj,{,
ޓ,ԏ˂炢,ɒB,wO,012335,kC,ɒBs,i,2018-10-24,17,H,{,
ޓ,ԏ˂炢,ɒB,c,015849,kC,Β,t,2018-03-02,23,ԁiցj,{,Ȃ
ޓ,ԏ˂炢,ɒB,c,015849,kC,Β,],2018-03-04,18,ԁiցj,{,Ȃ
ޓ,ԏ˂炢,ɒB,c,015849,kC,Β,,2018-01-24,10,ԁiցj,{,
ޓ,ԏ˂炢,ɒB,c,015849,kC,Β,,2018-03-02,19,ԁiցj,{,Ȃ
ޓ,ԏ˂炢,ɒB,c,015849,kC,Β,{,2018-03-02,17,ˌZ,{,
ޓ,ԏ˂炢,ɒB,LY,015717,kC,LY,,2018-04-29,13,ԁiցj,{,
ޓ,ԏ˂炢,ɒB,Ή,015849,kC,Β,Ή,2018-02-03,09,ԁiցj,{,Ȃ
ޓ,ԏ˂炢,ɒB,,012335,kC,ɒBs,OK꒬,2018-01-21,11,̑,{,
ޓ,ԏ˂炢,ɒB,,012335,kC,ɒBs,听,2018-10-13,10,ԁiցj,{,
ޓ,ԏ˂炢,ɒB,,012335,kC,ɒBs,听,2018-11-16,13,ԁiցj,{,
ޓ,ԏ˂炢,,V,012301,kC,oʎs,VR,2018-10-31,16,H,{,
ޓ,ԏ˂炢,,V,012301,kC,oʎs,oʓS,2018-10-31,21,ԁiցj,{,Ȃ
ޓ,ԏ˂炢,,V,012301,kC,oʎs,S,2018-12-21,21,ˌZ,{,
ޓ,ԏ˂炢,,V,012301,kC,oʎs,S,2018-12-21,22,ˌZ,{,
ޓ,ԏ˂炢,,V,012301,kC,oʎs,U,2018-12-21,19,ˌZ,{,
ޓ,ԏ˂炢,,V,012301,kC,oʎs,ᑐQ,2018-10-01,18,ˌZ,{,Ȃ
ޓ,ԏ˂炢,,V,012301,kC,oʎs,ᑐQ,2018-10-02,23,ˌZ,{,
ޓ,ԏ˂炢,,V,012301,kC,oʎs,ᑐS,2018-10-02,23,ˌZ,{,
ޓ,ԏ˂炢,,V,012301,kC,oʎs,ᑐU,2018-12-29,00,ˌZ,{,
ޓ,ԏ˂炢,,{֐,012050,kC,s,_㒬,2018-08-10,11,H,{,
ޓ,ԏ˂炢,,o,012301,kC,oʎs,ΒP,2018-03-14,12,̑,{,
ޓ,ԏ˂炢,,o,012301,kC,oʎs,xmV,2018-11-10,12,ԁiցj,{,
ޓ,ԏ˂炢,,o,012301,kC,oʎs,xmV,2018-11-10,23,ԁiցj,{,
ޓ,ԏ˂炢,,o,012301,kC,oʎs,yʒV,2018-11-10,19,ˌZ,{,
ޓ,ԏ˂炢,,oʓ,012301,kC,oʎs,oʖ{P,2018-03-04,20,ˌZ,{,Ȃ
ޓ,ԏ˂炢,Ϗq,wO,012131,kC,Ϗqs,ᑐS,2018-01-13,16,ԁiցj,{,Ȃ
ޓ,ԏ˂炢,Ϗq,ot,012131,kC,Ϗqs,򒬂P,2018-08-18,18,ԁiցj,{,Ȃ
ޓ,ԏ˂炢,Ϗq,ot,012131,kC,Ϗqs,HP,2018-08-18,19,ԁiցj,{,Ȃ
ޓ,ԏ˂炢,Ϗq,ot,012131,kC,Ϗqs,ZgP,2018-08-18,23,ԁiցj,{,Ȃ
ޓ,ԏ˂炢,Ϗq,ot,012131,kC,Ϗqs,̏oQ,2018-06-25,22,ԁiցj,{,
ޓ,ԏ˂炢,Ϗq,ot,012131,kC,Ϗqs,̏oQ,2018-12-09,21,ԁiցj,{,Ȃ
ޓ,ԏ˂炢,Ϗq,E,012131,kC,Ϗqs,^,2018-06-13,07,ԁiցj,{,Ȃ
ޓ,ԏ˂炢,Ϗq,m[,012131,kC,Ϗqs,DQ,2018-07-06,20,ԁiցj,{,Ȃ
ޓ,ԏ˂炢,Ϗq,m[,012131,kC,Ϗqs,JQ,2018-06-07,21,̑,{,Ȃ
ޓ,ԏ˂炢,Ϗq,m[,012131,kC,Ϗqs,JR,2018-04-18,18,ԁiցj,{,
ޓ,ԏ˂炢,Ϗq,m[,012131,kC,Ϗqs,JR,2018-06-07,18,ˌZ,{,
ޓ,ԏ˂炢,Ϗq,m[,012131,kC,Ϗqs,JT,2018-06-07,19,SKĈȏ㋤Z,{,Ȃ
ޓ,ԏ˂炢,Ϗq,m[,012131,kC,Ϗqs,EP,2018-04-23,20,ԁiցj,{,Ȃ
ޓ,ԏ˂炢,Ϗq,m[,012131,kC,Ϗqs,m[R,2018-06-07,19,ԁiցj,{,
ޓ,ԏ˂炢,Ϗq,m[,012131,kC,Ϗqs,m[S,2018-03-13,18,ԁiցj,{,
ޓ,ԏ˂炢,Ϗq,m[,012131,kC,Ϗqs,m[S,2018-11-09,16,ԁiցj,{,
ޓ,ԏ˂炢,Ϗq,m[,012131,kC,Ϗqs,m[U,2018-06-07,20,̑̏ZiRKĈȉZj,{,
ޓ,ԏ˂炢,Ϗq,щ,012131,kC,Ϗqs,щ,2018-01-25,17,ԁiցj,{,Ȃ
ޓ,ԏ˂炢,Ϗq,щ,012131,kC,Ϗqs,_P,2018-08-01,15,ԁiցj,{,
ޓ,ԏ˂炢,Ϗq,щ,012131,kC,Ϗqs,_P,2018-08-01,22,ˌZ,{,
ޓ,ԏ˂炢,Ϗq,щ,012131,kC,Ϗqs,P,2018-10-22,19,ˌZ,{,
ޓ,ԏ˂炢,Ϗq,щ,012131,kC,Ϗqs,P,2018-10-22,20,ˌZ,{,
ޓ,ԏ˂炢,Ϗq,щ,012131,kC,Ϗqs,R,2018-07-21,18,ˌZ,{,
ޓ,ԏ˂炢,Ϗq,,015857,kC,,,2018-08-18,19,ԁiցj,{,Ȃ
ޓ,ԏ˂炢,Ϗq,,015857,kC,,,2018-08-19,02,ˌZ,{,Ȃ
ޓ,ԏ˂炢,Ϗq,,015857,kC,,咬,2018-07-12,20,̑̏ZiRKĈȉZj,{,
ޓ,ԏ˂炢,Ϗq,,015857,kC,,k,2018-01-09,18,ԁiցj,{,
ޓ,ԏ˂炢,Ϗq,,015857,kC,,k,2018-01-15,17,ԁiցj,{,
ޓ,ԏ˂炢,Ϗq,,015857,kC,,ki,2018-08-11,13,ԁiցj,{,
ޓ,ԏ˂炢,Ϗq,^,015814,kC,^,{,2018-03-21,18,ˌZ,{,
ޓ,ԏ˂炢,Ϗq,^,015814,kC,^,{,2018-03-21,20,ˌZ,{,
ޓ,ԏ˂炢,Ϗq,^,015814,kC,^,{,2018-03-21,23,̑̏ZiRKĈȉZj,{,
ޓ,ԏ˂炢,Ϗq,^,015814,kC,^,{,2018-10-04,21,ˌZ,{,Ȃ
ޓ,ԏ˂炢,Ϗq,^,015814,kC,^,l^,2017-12-21,21,ԁiցj,{,Ȃ
ޓ,ԏ˂炢,Ϗq,V,015784,kC,V,쉈Q,2018-02-09,16,H,{,Ȃ
ޓ,ԏ˂炢,Ϗq,V,015784,kC,V,LQ,2018-02-09,21,̑,{,
ޓ,ԏ˂炢,Ϗq,V,015784,kC,V,P,2018-12-28,23,ˌZ,{,
ޓ,ԏ˂炢,Ϗq,,015784,kC,V,kg,2018-10-31,20,ˌZ,{,
ޓ,ԏ˂炢,Ϗq,|Y,015784,kC,V,|Y,2018-10-31,20,ˌZ,{,Ȃ
ޓ,ԏ˂炢,Ϗq,,012131,kC,Ϗqs,OT,2018-08-18,23,ˌZ,{,Ȃ
ޓ,ԏ˂炢,Ϗq,,012131,kC,Ϗqs,u,2018-02-09,17,ԁiցj,{,
ޓ,ԏ˂炢,Ϗq,,012131,kC,Ϗqs,u,2018-03-17,11,ԁiցj,{,
ޓ,ԏ˂炢,Ϗq,,012131,kC,Ϗqs,u,2018-08-23,11,̑,{,
ޓ,ԏ˂炢,Ϗq,,012131,kC,Ϗqs,VS,2018-09-02,19,ˌZ,{,
ޓ,ԏ˂炢,Ϗq,,012131,kC,Ϗqs,VT,2018-09-02,21,ԁiցj,{,
ޓ,ԏ˂炢,Ϗq,,012131,kC,Ϗqs,VT,2018-09-02,23,ԁiցj,{,
ޓ,ԏ˂炢,Ϗq,,012131,kC,Ϗqs,VP,2018-06-25,21,H,{,
ޓ,ԏ˂炢,Ϗq,,012131,kC,Ϗqs,VS,2018-06-26,00,H,{,
ޓ,ԏ˂炢,Ϗq,,012131,kC,Ϗqs,VJR,2018-01-11,19,̑,{,Ȃ
ޓ,ԏ˂炢,Ϗq,,012131,kC,Ϗqs,ؒQ,2018-08-06,21,ԁiցj,{,
ޓ,ԏ˂炢,Ϗq,,012131,kC,Ϗqs,ؒQ,2018-08-06,22,̑,{,Ȃ
ޓ,ԏ˂炢,Ϗq,,012131,kC,Ϗqs,ؒS,2018-08-06,16,ԁiցj,{,
ޓ,ԏ˂炢,Ϗq,,012131,kC,Ϗqs,炩ΒR,2018-08-02,08,ˌZ,{,
ޓ,ԏ˂炢,Ϗq,,012131,kC,Ϗqs,炩ΒS,2018-02-09,17,̑,{,
ޓ,ԏ˂炢,Ϗq,,012131,kC,Ϗqs,gS,2018-04-30,07,ԁiցj,{,Ȃ
ޓ,ԏ˂炢,Ϗq,,012131,kC,Ϗqs,ؒP,2018-11-16,20,ˌZ,{,
ޓ,ԏ˂炢,Ϗq,,012131,kC,Ϗqs,ؒU,2018-08-19,21,ˌZ,{,
ޓ,ԏ˂炢,Ϗq,Տl,015784,kC,V,Տl,2018-09-10,10,ԁiցj,{,
ޓ,ԏ˂炢,Ϗq,Տl,015784,kC,V,Տl,2018-10-31,21,ˌZ,{,
ޓ,ԏ˂炢,Ϗq,؏,012131,kC,Ϗqs,tQ,2018-05-03,01,ԁiցj,{,
ޓ,ԏ˂炢,Ϗq,؏,012131,kC,Ϗqs,tQ,2018-06-02,00,̑̏ZiRKĈȉZj,{,
ޓ,ԏ˂炢,Ϗq,؏,012131,kC,Ϗqs,؏꒬R,2018-09-13,17,ԁiցj,{,
ޓ,ԏ˂炢,Ϗq,؏,012131,kC,Ϗqs,P,2018-11-09,17,H,{,
ޓ,ԏ˂炢,Ϗq,؏,012131,kC,Ϗqs,ΒQ,2018-06-02,15,ԁiցj,{,
ޓ,ԏ˂炢,Ϗq,m[k,012131,kC,Ϗqs,,2018-01-21,11,ԁiցj,{,Ȃ
ޓ,ԏ˂炢,Ϗq,m[k,012131,kC,Ϗqs,,2018-03-22,14,̑,{,Ȃ
ޓ,ԏ˂炢,Ϗq,m[k,012131,kC,Ϗqs,Ac,2018-09-17,11,H,{,
ޓ,ԏ˂炢,Ϗq,m[k,012131,kC,Ϗqs,EP,2018-09-12,23,ԁiցj,{,
ޓ,ԏ˂炢,Ϗq,m[k,012131,kC,Ϗqs,ES,2018-07-20,21,ԁiցj,{,
ޓ,ԏ˂炢,Ϗq,m[k,012131,kC,Ϗqs,EU,2018-07-06,19,ԁiցj,{,
ޓ,ԏ˂炢,Ϗq,m[k,012131,kC,Ϗqs,ES,2018-04-05,20,ԁiցj,{,Ȃ
ޓ,ԏ˂炢,Ϗq,m[k,012131,kC,Ϗqs,ES,2018-08-19,00,H,{,Ȃ
ޓ,ԏ˂炢,Ϗq,m[k,012131,kC,Ϗqs,ES,2018-11-21,17,ԁiցj,{,
ޓ,ԏ˂炢,Ϗq,m[k,012131,kC,Ϗqs,EU,2018-03-17,18,ԁiցj,{,
ޓ,ԏ˂炢,Ϗq,m[k,012131,kC,Ϗqs,EU,2018-04-05,20,ԁiցj,{,
ޓ,ԏ˂炢,Ϗq,m[k,012131,kC,Ϗqs,EW,2018-05-17,17,ˌZ,{,
ޓ,ԏ˂炢,Ϗq,m[k,012131,kC,Ϗqs,EW,2018-12-09,17,ԁiցj,{,Ȃ
ޓ,ԏ˂炢,Ϗq,m[k,012131,kC,Ϗqs,khQ,2018-04-05,21,ԁiցj,{,
ޓ,ԏ˂炢,,{,016012,kC,,Β,2018-02-09,12,ԁiցj,{,
ޓ,ԏ˂炢,,,016012,kC,,꒬,2018-02-12,12,ˌZ,{,Ȃ
ޓ,ԏ˂炢,,,016012,kC,,꒬,2018-03-10,18,ԁiցj,{,
ޓ,ԏ˂炢,,,016012,kC,,꒬,2018-03-11,15,ˌZ,{,Ȃ
ޓ,ԏ˂炢,,,016012,kC,,꒬,2018-03-11,18,ˌZ,{,
ޓ,ԏ˂炢,,x,016012,kC,,xkP,2018-02-09,12,ԁiցj,{,
ޓ,ԏ˂炢,,,016012,kC,,x,2018-02-04,14,̑,{,Ȃ
ޓ,ԏ˂炢,,,016012,kC,,x,2018-02-25,09,ԁiցj,{,Ȃ
ޓ,ԏ˂炢,Ó,wO,016101,kC,VЂ,ÓKQ,2018-02-09,14,ԁiցj,{,
ޓ,ԏ˂炢,Ó,V,016047,kC,V,,2018-03-11,15,H,{,
ޓ,ԏ˂炢,,,,,,,s,s,̑,{,Ȃ
ޓ,ԏ˂炢,,,,,,,2018-03-20,00,̑,{,Ȃ
ޓ,ԏ˂炢,,,,,,,2018-04-21,13,̑,{,Ȃ
ޓ,ԏ˂炢,,,,,,,2018-07-20,17,̑,{,Ȃ
ޓ,ԏ˂炢,,,011061,kC,Dys,,2018-03-31,17,̑,{,Ȃ
ޓ,ԏ˂炢,,,011061,kC,Dys,,2018-07-20,08,̑̏ZiRKĈȉZj,{,
ޓ,ԏ˂炢,,s[,011011,kC,Dys,PS𐼂W,2018-02-07,18,ԁiցj,{,Ȃ
ޓ,ԏ˂炢,,s[,011011,kC,Dys,PV𐼂W,2018-04-24,20,ԁiցj,{,Ȃ
ޓ,ԏ˂炢,,,011061,kC,Dys,쉈SS,2018-04-19,08,ˌZ,{,Ȃ
ޓ,ԏ˂炢,,,011061,kC,Dys,쉈POR,2018-04-24,18,ԁiցj,{,Ȃ
ޓ,ԏ˂炢,,,011061,kC,Dys,RQ,2018-05-04,22,H,{,Ȃ
ޓ,ԏ˂炢,,,011061,kC,Dys,SQ,2018-04-01,08,̑,{,Ȃ
ޓ,ԏ˂炢,,^,011061,kC,Dys,^{P,2018-07-29,11,SKĈȏ㋤Z,{,Ȃ
ޓ,ԏ˂炢,,^cn,011061,kC,Dys,^,2018-05-07,21,H,{,Ȃ
ޓ,ԏ˂炢,,^cn,011061,kC,Dys,^򒬂S,2018-03-14,21,ԁiցj,{,Ȃ
ޓ,ԏ˂炢,,^cn,011061,kC,Dys,^uT,2018-09-29,18,H,{,Ȃ
ޓ,ԏ˂炢,,^cn,011061,kC,Dys,^KR,2018-03-14,22,̑̏ZiRKĈȉZj,{,Ȃ
ޓ,ԏ˂炢,,Rk,011061,kC,Dys,Rk,2018-01-01,09,̑,{,Ȃ
ޓ,ԏ˂炢,,Rk,011061,kC,Dys,Rk,2018-04-28,09,ԁiցj,{,
ޓ,ԏ˂炢,,Rk,011061,kC,Dys,Rk,2018-06-02,12,ԁiցj,{,
ޓ,ԏ˂炢,,Rk,011061,kC,Dys,Rk,2018-06-16,07,̑,{,
ޓ,ԏ˂炢,,Rk,011061,kC,Dys,Rk,2018-06-30,10,ԁiցj,{,
ޓ,ԏ˂炢,,Rk,011061,kC,Dys,Rk򐼂R,2018-06-04,16,̑,{,Ȃ
ޓ,ԏ˂炢,,ΎR,011061,kC,Dys,^,2018-04-27,17,ˌZ,{,Ȃ
ޓ,ԏ˂炢,,ΎR,011061,kC,Dys,^,2018-05-07,20,ˌZ,{,Ȃ
ޓ,ԏ˂炢,,ΎR,011061,kC,Dys,^,2018-05-07,23,ˌZ,{,Ȃ
ޓ,ԏ˂炢,,ΎR,011061,kC,Dys,ΎRPV,2018-08-15,15,̑̏ZiRKĈȉZj,{,
ޓ,ԏ˂炢,,ΎR,011061,kC,Dys,ΎRQV,2018-07-20,21,ԁiցj,{,Ȃ
ޓ,ԏ˂炢,,ΎR,011061,kC,Dys,ΎRR,2018-05-07,18,ˌZ,{,
ޓ,ԏ˂炢,,ΎR,011061,kC,Dys,ΎRR,2018-05-07,21,ˌZ,{,Ȃ
ޓ,ԏ˂炢,,ΎR,011061,kC,Dys,ΎRT,2018-05-25,19,ˌZ,{,Ȃ
ޓ,ԏ˂炢,,ΎR,011061,kC,Dys,ΎRU,2018-05-05,10,ˌZ,{,Ȃ
ޓ,ԏ˂炢,,ΎR,011061,kC,Dys,ՂPQ,2018-05-07,19,ˌZ,{,Ȃ
ޓ,ԏ˂炢,,ΎR,011061,kC,Dys,ՂQQ,2018-05-07,16,̑,{,Ȃ
ޓ,ԏ˂炢,,ΎR,011061,kC,Dys,ՂUQ,2018-10-16,15,ԁiցj,{,Ȃ
ޓ,ԏ˂炢,,,011061,kC,Dys,LP,2018-10-19,18,H,{,
ޓ,ԏ˂炢,,,011061,kC,Dys,ΎRQU,2018-09-21,20,ԁiցj,{,Ȃ
ޓ,ԏ˂炢,,,011061,kC,Dys,PV,2018-02-03,17,ˌZ,{,
ޓ,ԏ˂炢,,,011061,kC,Dys,PW,2018-04-08,19,ԁiցj,{,Ȃ
ޓ,ԏ˂炢,,,011061,kC,Dys,QPQ,2018-08-21,23,H,{,
ޓ,ԏ˂炢,,,011061,kC,Dys,RT,2018-03-19,17,ˌZ,{,
ޓ,ԏ˂炢,,,011061,kC,Dys,RV,2018-01-09,11,ԁiցj,{,Ȃ
ޓ,ԏ˂炢,,,011061,kC,Dys,SS,2018-04-09,17,ԁiցj,{,Ȃ
ޓ,ԏ˂炢,,,011061,kC,Dys,SU,2018-02-04,21,ˌZ,{,
ޓ,ԏ˂炢,,,011061,kC,Dys,TV,2018-02-04,20,ˌZ,{,
ޓ,ԏ˂炢,,,011061,kC,Dys,TW,2018-02-04,18,̑̏ZiRKĈȉZj,{,Ȃ
ޓ,ԏ˂炢,,,011061,kC,Dys,US,2018-04-09,22,ˌZ,{,
ޓ,ԏ˂炢,,,011061,kC,Dys,RQ,2018-08-21,17,ˌZ,{,Ȃ
ޓ,ԏ˂炢,,,011061,kC,Dys,TQ,2018-04-10,06,ԁiցj,{,Ȃ
ޓ,ԏ˂炢,,,011061,kC,Dys,QS,2018-03-24,18,ԁiցj,{,
ޓ,ԏ˂炢,,,011061,kC,Dys,SR,2018-03-08,06,ԁiցj,{,Ȃ
ޓ,ԏ˂炢,,,011061,kC,Dys,ST,2018-08-08,20,̑̏ZiRKĈȉZj,{,
ޓ,ԏ˂炢,,km,011061,kC,Dys,쉈PQ,2018-08-17,15,̑̏ZiRKĈȉZj,{,Ȃ
ޓ,ԏ˂炢,,km,011061,kC,Dys,쉈PQ,2018-08-17,18,ˌZ,{,Ȃ
ޓ,ԏ˂炢,,km,011061,kC,Dys,쉈PQ,2018-08-17,21,H,{,Ȃ
ޓ,ԏ˂炢,,km,011061,kC,Dys,쉈QR,2018-04-02,19,H,{,
ޓ,ԏ˂炢,,km,011061,kC,Dys,kmV,2018-03-25,19,ԁiցj,{,Ȃ
ޓ,ԏ˂炢,,km,011061,kC,Dys,mV,2018-04-02,19,ԁiցj,{,Ȃ
ޓ,ԏ˂炢,k,Dywk,011029,kC,Dysk,kPR𐼂S,2018-01-04,18,ԁiցj,{,
ޓ,ԏ˂炢,k,Dywk,011029,kC,Dysk,kPR𐼂S,2018-02-11,21,ԁiցj,{,Ȃ
ޓ,ԏ˂炢,k,VՎ,011029,kC,Dysk,VՎTPU,2018-10-22,17,ˌZ,{,
ޓ,ԏ˂炢,k,VՎ,011029,kC,Dysk,VՎUPQ,2018-09-03,21,ˌZ,{,Ȃ
ޓ,ԏ˂炢,k,VՎ,011029,kC,Dysk,VՎWPS,2018-09-10,19,̑̏ZiRKĈȉZj,{,Ȃ
ޓ,ԏ˂炢,k,VՎ,011029,kC,Dysk,VՎWPS,2018-10-26,17,ԁiցj,{,Ȃ
ޓ,ԏ˂炢,k,VՎ,011029,kC,Dysk,VՎ,2018-08-10,19,̑,{,Ȃ
ޓ,ԏ˂炢,k,VՎ,011029,kC,Dysk,VՎPQ,2018-11-25,22,H,{,Ȃ
ޓ,ԏ˂炢,k,VՎ,011029,kC,Dysk,VՎTX,2018-09-17,20,ˌZ,{,Ȃ
ޓ,ԏ˂炢,k,VՎ,011029,kC,Dysk,VՎUPO,2018-09-03,14,H,{,Ȃ
ޓ,ԏ˂炢,k,VՎ,011029,kC,Dysk,VՎWPU,2018-09-02,18,̑,{,Ȃ
ޓ,ԏ˂炢,k,VՎ,011029,kC,Dysk,VՎXU,2018-08-14,22,ˌZ,{,
ޓ,ԏ˂炢,k,VՎ,011029,kC,Dysk,VՎPQR,2018-04-01,17,ˌZ,{,Ȃ
ޓ,ԏ˂炢,k,VՎ,011029,kC,Dysk,VՎPQU,2018-06-30,15,ԁiցj,{,Ȃ
ޓ,ԏ˂炢,k,kO\,011029,kC,Dysk,kQV𐼂PO,2018-11-16,22,̑̏ZiRKĈȉZj,{,Ȃ
ޓ,ԏ˂炢,k,kO\,011029,kC,Dysk,kQW𐼂S,2018-09-22,13,ԁiցj,{,
ޓ,ԏ˂炢,k,kO\,011029,kC,Dysk,kQW𐼂PO,2018-05-19,15,H,{,
ޓ,ԏ˂炢,k,V,011029,kC,Dysk,VSR,2018-08-27,22,ˌZ,{,
ޓ,ԏ˂炢,k,H,011029,kC,Dysk,HQQ,2018-01-17,18,̑,{,
ޓ,ԏ˂炢,k,H,011029,kC,Dysk,HQQ,2018-06-09,17,ˌZ,{,
ޓ,ԏ˂炢,k,H,011029,kC,Dysk,HQT,2018-10-01,18,ˌZ,{,
ޓ,ԏ˂炢,k,H,011029,kC,Dysk,HRP,2018-06-04,20,̑̏ZiRKĈȉZj,{,Ȃ
ޓ,ԏ˂炢,k,H,011029,kC,Dysk,HRS,2018-06-19,08,̑,{,Ȃ
ޓ,ԏ˂炢,k,H,011029,kC,Dysk,HUU,2018-04-17,22,ˌZ,{,Ȃ
ޓ,ԏ˂炢,k,H,011029,kC,Dysk,HVP,2018-11-26,22,ˌZ,{,Ȃ
ޓ,ԏ˂炢,k,H,011029,kC,Dysk,HVR,2018-06-04,20,ˌZ,{,Ȃ
ޓ,ԏ˂炢,k,H,011029,kC,Dysk,HVR,2018-06-05,17,ˌZ,{,Ȃ
ޓ,ԏ˂炢,k,H,011029,kC,Dysk,HH,2018-12-17,13,ˌZ,{,
ޓ,ԏ˂炢,k,Ύ,012351,kC,Ύs,eDPP,2018-04-04,19,̑,{,Ȃ
ޓ,ԏ˂炢,k,Ύ,012351,kC,Ύs,eDPP,2018-06-25,19,H,{,Ȃ
ޓ,ԏ˂炢,k,Ύ,012351,kC,Ύs,eDPQ,2018-04-08,20,ˌZ,{,
ޓ,ԏ˂炢,k,Ύ,012351,kC,Ύs,eDQQ,2018-04-08,19,ˌZ,{,
ޓ,ԏ˂炢,k,,012351,kC,Ύs,΃PP,2018-06-07,20,ˌZ,{,
ޓ,ԏ˂炢,k,Ԑ,012351,kC,Ύs,MVP,2018-06-23,01,H,{,
ޓ,ԏ˂炢,k,Ԑ,012351,kC,Ύs,ԐPU,2018-07-02,20,H,{,
ޓ,ԏ˂炢,k,Ԑ,012351,kC,Ύs,ԐQS,2018-07-02,20,ˌZ,{,Ȃ
ޓ,ԏ˂炢,k,Ԑ,012351,kC,Ύs,ԐQT,2018-03-23,20,ˌZ,{,
ޓ,ԏ˂炢,k,Ԑ,012351,kC,Ύs,ԐQU,2018-04-27,21,H,{,
ޓ,ԏ˂炢,k,Ԑ,012351,kC,Ύs,ԐQU,2018-07-02,22,ˌZ,{,
ޓ,ԏ˂炢,k,Ԑ,012351,kC,Ύs,ԐQU,2018-10-01,20,ˌZ,{,Ȃ
ޓ,ԏ˂炢,k,Ԑ,012351,kC,Ύs,ԐRR,2018-07-02,23,̑,{,
ޓ,ԏ˂炢,k,Ԑ,012351,kC,Ύs,ԐSP,2018-05-08,18,ˌZ,{,
ޓ,ԏ˂炢,k,Ԑ,012351,kC,Ύs,ԐSQ,2018-02-12,21,ˌZ,{,Ȃ
ޓ,ԏ˂炢,k,Ԑ,012351,kC,Ύs,ԐTQ,2018-02-13,19,ԁiցj,{,Ȃ
ޓ,ԏ˂炢,k,Ԑ,012351,kC,Ύs,ԐTQ,2018-05-08,19,ˌZ,{,
ޓ,ԏ˂炢,k,Ԑ,012351,kC,Ύs,ԐTR,2018-09-20,10,ˌZ,{,
ޓ,ԏ˂炢,k,Ԑ,012351,kC,Ύs,ԐTS,2018-09-10,18,ˌZ,{,
ޓ,ԏ˂炢,k,Ԑ,012351,kC,Ύs,ԐTS,2018-09-10,20,ˌZ,{,Ȃ
ޓ,ԏ˂炢,k,Ԑ,012351,kC,Ύs,ԐTS,2018-09-20,16,ˌZ,{,
ޓ,ԏ˂炢,k,Ԑ,012351,kC,Ύs,ԐTS,2018-10-26,22,ˌZ,{,
ޓ,ԏ˂炢,k,Ԑ,012351,kC,Ύs,ԐUS,2018-08-20,19,H,{,
ޓ,ԏ˂炢,k,Ԑ,012351,kC,Ύs,ԐVP,2018-06-26,22,ˌZ,{,
ޓ,ԏ˂炢,k,Ԑ,012351,kC,Ύs,ԐVQ,2018-06-26,17,ˌZ,{,
ޓ,ԏ˂炢,k,Ԑ,012351,kC,Ύs,ԐVQ,2018-06-26,20,ˌZ,{,Ȃ
ޓ,ԏ˂炢,k,Ԑ,012351,kC,Ύs,ԐVQ,2018-06-27,00,ˌZ,{,
ޓ,ԏ˂炢,k,Ԑ,012351,kC,Ύs,ԐVS,2018-06-26,18,H,{,Ȃ
ޓ,ԏ˂炢,k,Ԑ,012351,kC,Ύs,ԐVS,2018-09-10,20,H,{,
ޓ,ԏ˂炢,k,Ԑ,012351,kC,Ύs,ԐWS,2018-08-20,23,H,{,Ȃ
ޓ,ԏ˂炢,k,Ԑ,012351,kC,Ύs,ԐWS,2018-09-20,17,ˌZ,{,
ޓ,ԏ˂炢,k,Ԑ,012351,kC,Ύs,ԐWS,2018-09-20,19,ˌZ,{,
ޓ,ԏ˂炢,k,Ԑ,012351,kC,Ύs,ԐXQ,2018-05-31,23,H,{,
ޓ,ԏ˂炢,k,Ԑ,012351,kC,Ύs,MTQ,2018-07-13,18,ˌZ,{,
ޓ,ԏ˂炢,k,Ԑ,012351,kC,Ύs,MTQ,2018-07-13,22,ˌZ,{,Ȃ
ޓ,ԏ˂炢,k,Ԑk,012351,kC,Ύs,ԐkPT,2018-04-18,21,ˌZ,{,
ޓ,ԏ˂炢,k,Ԑk,012351,kC,Ύs,ԐkQS,2018-04-05,19,ˌZ,{,Ȃ
ޓ,ԏ˂炢,k,Ԑk,012351,kC,Ύs,ԐkRT,2018-03-18,21,ԁiցj,{,
ޓ,ԏ˂炢,k,Ԑk,012351,kC,Ύs,ԐkSQ,2018-05-21,01,H,{,
ޓ,ԏ˂炢,k,Ԑk,012351,kC,Ύs,ԐkUP,2018-10-18,20,̑̏ZiRKĈȉZj,{,Ȃ
ޓ,ԏ˂炢,k,Ԑk,012351,kC,Ύs,Ή䓌PQ,2018-12-05,16,H,{,Ȃ
ޓ,ԏ˂炢,k,Ԑk,012351,kC,Ύs,Ԑ쓌PS,2018-11-24,18,ˌZ,{,Ȃ
ޓ,ԏ˂炢,k,ԓc,011029,kC,Dysk,ԓcQT,2018-03-09,15,ԁiցj,{,Ȃ
ޓ,ԏ˂炢,k,ԓc,011029,kC,Dysk,ԓcTX,2018-06-28,05,̑,{,Ȃ
ޓ,ԏ˂炢,k,ԓc,011029,kC,Dysk,ԓcUS,2018-03-12,19,̑,{,Ȃ
ޓ,ԏ˂炢,k,ԓc,011029,kC,Dysk,ԓcUS,2018-04-16,20,ˌZ,{,Ȃ
ޓ,ԏ˂炢,k,ԓc,011029,kC,Dysk,ԓcUS,2018-04-16,20,̑̏ZiRKĈȉZj,{,Ȃ
ޓ,ԏ˂炢,k,ԓc,011029,kC,Dysk,ԓcUT,2018-03-13,00,H,{,Ȃ
ޓ,ԏ˂炢,k,ԓc,011029,kC,Dysk,ԓcVQ,2018-09-03,19,ˌZ,{,Ȃ
ޓ,ԏ˂炢,k,ԓc,011029,kC,Dysk,ԓcXT,2018-08-28,18,̑̏ZiRKĈȉZj,{,
ޓ,ԏ˂炢,k,,011029,kC,Dysk,TT,2018-10-22,16,ˌZ,{,
ޓ,ԏ˂炢,k,,011029,kC,Dysk,UT,2018-06-04,22,ˌZ,{,
ޓ,ԏ˂炢,k,,011029,kC,Dysk,XS,2018-12-03,21,ˌZ,{,Ȃ
ޓ,ԏ˂炢,k,,011029,kC,Dysk,PQS,2018-12-02,11,ԁiցj,{,Ȃ
ޓ,ԏ˂炢,k,,011029,kC,Dysk,˂PP,2018-09-03,18,ˌZ,{,
ޓ,ԏ˂炢,k,,011029,kC,Dysk,˂TP,2018-11-19,19,ˌZ,{,
ޓ,ԏ˂炢,k,,011029,kC,Dysk,˂QP,2018-10-01,23,ˌZ,{,
ޓ,ԏ˂炢,k,,011029,kC,Dysk,˂QQ,2018-05-17,16,H,{,Ȃ
ޓ,ԏ˂炢,k,],012351,kC,Ύs,c],2018-05-20,17,̑,{,
ޓ,ԏ˂炢,k,,013030,kC,ʒ,kh,2018-06-06,19,H,{,
ޓ,ԏ˂炢,k,,013030,kC,ʒ,kh,2018-12-06,20,̑̏ZiRKĈȉZj,{,Ȃ
ޓ,ԏ˂炢,k,,013030,kC,ʒ,,2018-12-06,20,̑̏ZiRKĈȉZj,{,Ȃ
ޓ,ԏ˂炢,k,,013030,kC,ʒ,,2018-04-18,19,ˌZ,{,
ޓ,ԏ˂炢,k,,013030,kC,ʒ,,2018-04-18,21,ˌZ,{,
ޓ,ԏ˂炢,k,,013030,kC,ʒ,,2018-05-20,18,̑,{,Ȃ
ޓ,ԏ˂炢,k,,013030,kC,ʒ,L,2018-12-06,22,̑̏ZiRKĈȉZj,{,
ޓ,ԏ˂炢,k,,013030,kC,ʒ,,2018-05-18,12,ԁiցj,{,Ȃ
ޓ,ԏ˂炢,k,,013030,kC,ʒ,퐶,2018-04-19,00,ԁiցj,{,
ޓ,ԏ˂炢,k,,013030,kC,ʒ,,2018-03-13,22,̑,{,
ޓ,ԏ˂炢,k,,013030,kC,ʒ,rgG,2018-05-17,15,H,{,
ޓ,ԏ˂炢,k,,013030,kC,ʒ,q,2018-05-18,11,ԁiցj,{,
ޓ,ԏ˂炢,k,,011029,kC,Dysk,P,2018-05-16,22,ԁiցj,{,
ޓ,ԏ˂炢,k,,011029,kC,Dysk,kRU𐼂R,2018-05-16,21,H,{,Ȃ
ޓ,ԏ˂炢,k,,011029,kC,Dysk,kRU𐼂R,2018-05-17,02,̑,{,Ȃ
ޓ,ԏ˂炢,k,,011029,kC,Dysk,V쐼QR,2018-05-10,22,ˌZ,{,
ޓ,ԏ˂炢,k,V,011029,kC,Dysk,VSW,2018-10-22,17,ˌZ,{,Ȃ
ޓ,ԏ˂炢,k,V,011029,kC,Dysk,VՎRPR,2018-09-03,20,̑̏ZiRKĈȉZj,{,Ȃ
ޓ,ԏ˂炢,k,V,011029,kC,Dysk,VՎWPU,2018-11-28,19,̑̏ZiRKĈȉZj,{,Ȃ
ޓ,ԏ˂炢,k,̗,011029,kC,Dysk,̗QQ,2018-04-23,19,ˌZ,{,
ޓ,ԏ˂炢,k,̗,011029,kC,Dysk,̗RR,2018-05-17,11,H,{,
ޓ,ԏ˂炢,k,̗,011029,kC,Dysk,̗RV,2018-04-23,22,ˌZ,{,Ȃ
ޓ,ԏ˂炢,k,̗,011029,kC,Dysk,̗SQ,2018-04-23,22,H,{,Ȃ
ޓ,ԏ˂炢,k,̗,011029,kC,Dysk,̗ST,2018-04-22,17,ˌZ,{,Ȃ
ޓ,ԏ˂炢,k,̗,011029,kC,Dysk,̗ST,2018-04-23,19,ˌZ,{,Ȃ
ޓ,ԏ˂炢,k,̗,011029,kC,Dysk,̗ST,2018-04-23,20,H,{,Ȃ
ޓ,ԏ˂炢,L,,011053,kC,DysL,RR,2018-02-11,01,ԁiցj,{,
ޓ,ԏ˂炢,L,,011053,kC,DysL,RW,2018-08-17,20,̑,{,Ȃ
ޓ,ԏ˂炢,L,,011053,kC,DysL,݂TV,2018-12-12,22,H,{,
ޓ,ԏ˂炢,L,약,011053,kC,DysL,݂PPT,2018-02-22,18,ԁiցj,{,Ȃ
ޓ,ԏ˂炢,L,약,011053,kC,DysL,݂TX,2018-08-04,03,ԁiցj,{,
ޓ,ԏ˂炢,L,,011053,kC,DysL,PR,2018-08-03,13,ԁiցj,{,Ȃ
ޓ,ԏ˂炢,L,,011053,kC,DysL,RX,2018-10-22,13,̑̏ZiRKĈȉZj,{,Ȃ
ޓ,ԏ˂炢,L,,011053,kC,DysL,SW,2018-07-31,13,ԁiցj,{,Ȃ
ޓ,ԏ˂炢,L,,011053,kC,DysL,SX,2018-12-10,18,SKĈȏ㋤Z,{,Ȃ
ޓ,ԏ˂炢,L,,011053,kC,DysL,PT,2018-05-05,12,ԁiցj,{,
ޓ,ԏ˂炢,L,,011053,kC,DysL,PPP,2018-09-27,01,H,{,
ޓ,ԏ˂炢,L,,011053,kC,DysL,QPO,2018-04-09,19,ԁiցj,{,Ȃ
ޓ,ԏ˂炢,L,,011053,kC,DysL,RT,2018-12-10,22,H,{,Ȃ
ޓ,ԏ˂炢,L,,011053,kC,DysL,RPV,2018-01-20,20,ԁiցj,{,
ޓ,ԏ˂炢,L,,011053,kC,DysL,SU,2018-06-18,19,ԁiցj,{,Ȃ
ޓ,ԏ˂炢,L,,011053,kC,DysL,QP,2018-10-08,20,ԁiցj,{,
ޓ,ԏ˂炢,L,,011053,kC,DysL,QPR,2018-10-10,20,ԁiցj,{,
ޓ,ԏ˂炢,L,,011053,kC,DysL,QPR,2018-10-10,21,ˌZ,{,Ȃ
ޓ,ԏ˂炢,L,,011053,kC,DysL,RT,2018-03-23,23,ԁiցj,{,
ޓ,ԏ˂炢,L,,011053,kC,DysL,SPR,2018-07-10,01,H,{,
ޓ,ԏ˂炢,L,,011053,kC,DysL,SPR,2018-07-31,21,ԁiցj,{,Ȃ
ޓ,ԏ˂炢,L,,011053,kC,DysL,SPS,2018-10-08,16,ԁiցj,{,
ޓ,ԏ˂炢,L,,011053,kC,DysL,TPP,2018-07-10,00,ԁiցj,{,Ȃ
ޓ,ԏ˂炢,L,,011053,kC,DysL,PPW,2018-05-07,17,ԁiցj,{,Ȃ
ޓ,ԏ˂炢,L,,011053,kC,DysL,QPX,2018-04-16,19,ԁiցj,{,Ȃ
ޓ,ԏ˂炢,L,,011053,kC,DysL,QPX,2018-06-26,21,ԁiցj,{,Ȃ
ޓ,ԏ˂炢,L,,011053,kC,DysL,SPT,2018-05-05,10,ԁiցj,{,Ȃ
ޓ,ԏ˂炢,L,c,011100,kC,Dysc,L,2018-06-06,11,ԁiցj,{,
ޓ,ԏ˂炢,L,c,011100,kC,Dysc,cRR,2018-08-13,20,ˌZ,{,Ȃ
ޓ,ԏ˂炢,L,k,011100,kC,Dysc,kQQ,2018-02-23,21,H,{,Ȃ
ޓ,ԏ˂炢,L,k,011100,kC,Dysc,kQQ,2018-06-18,18,ԁiցj,{,
ޓ,ԏ˂炢,L,k,011100,kC,Dysc,kRP,2018-06-18,16,ԁiցj,{,Ȃ
ޓ,ԏ˂炢,L,k,011100,kC,Dysc,kRS,2018-11-07,21,ԁiցj,{,
ޓ,ԏ˂炢,L,k,011100,kC,Dysc,kRT,2018-08-04,17,ԁiցj,{,Ȃ
ޓ,ԏ˂炢,L,k,011100,kC,Dysc,kSQ,2018-06-18,20,̑,{,
ޓ,ԏ˂炢,L,k,011100,kC,Dysc,kTR,2018-06-27,18,ԁiցj,{,Ȃ
ޓ,ԏ˂炢,L,k,011100,kC,Dysc,kTS,2018-07-02,22,ԁiցj,{,Ȃ
ޓ,ԏ˂炢,L,k,011100,kC,Dysc,kTS,2018-11-15,19,̑̏ZiRKĈȉZj,{,
ޓ,ԏ˂炢,L,k,011100,kC,Dysc,kTT,2018-02-12,22,ԁiցj,{,Ȃ
ޓ,ԏ˂炢,L,k,011100,kC,Dysc,SP,2018-04-11,00,ԁiցj,{,
ޓ,ԏ˂炢,L,k,011100,kC,Dysc,SQ,2018-07-11,00,ԁiցj,{,Ȃ
ޓ,ԏ˂炢,L,k,011100,kC,Dysc,TR,2018-02-23,20,ԁiցj,{,Ȃ
ޓ,ԏ˂炢,L,k,011100,kC,Dysc,XQ,2018-09-14,19,̑,{,Ȃ
ޓ,ԏ˂炢,L,,011100,kC,Dysc,uRQ,2018-06-07,19,ԁiցj,{,
ޓ,ԏ˂炢,L,,011100,kC,Dysc,kRP,2018-06-18,18,ԁiցj,{,Ȃ
ޓ,ԏ˂炢,L,,011100,kC,Dysc,˂QP,2018-10-22,18,ԁiցj,{,Ȃ
ޓ,ԏ˂炢,L,,011100,kC,Dysc,˂QR,2018-03-13,08,ԁiցj,{,Ȃ
ޓ,ԏ˂炢,L,,011100,kC,Dysc,˂QS,2018-03-04,22,̑̏ZiRKĈȉZj,{,
ޓ,ԏ˂炢,L,,011100,kC,Dysc,˂QT,2018-09-15,21,ˌZ,{,Ȃ
ޓ,ԏ˂炢,L,,011100,kC,Dysc,˂RR,2018-06-08,22,ˌZ,{,Ȃ
ޓ,ԏ˂炢,L,,011100,kC,Dysc,˂RS,2018-11-04,10,H,{,Ȃ
ޓ,ԏ˂炢,L,,011100,kC,Dysc,˂SR,2018-09-03,22,H,{,Ȃ
ޓ,ԏ˂炢,L,,011100,kC,Dysc,SV,2018-02-23,17,ԁiցj,{,Ȃ
ޓ,ԏ˂炢,L,Z,011053,kC,DysL,TU,2018-09-26,20,ԁiցj,{,Ȃ
ޓ,ԏ˂炢,L,Z,011053,kC,DysL,SP,2018-05-05,12,H,{,Ȃ
ޓ,ԏ˂炢,L,Z,011053,kC,DysL,SP,2018-10-26,18,̑̏ZiRKĈȉZj,{,
ޓ,ԏ˂炢,L,Z,011053,kC,DysL,ZPP,2018-05-07,22,H,{,Ȃ
ޓ,ԏ˂炢,L,Z,011053,kC,DysL,ZRP,2018-03-08,18,̑,{,Ȃ
ޓ,ԏ˂炢,L,Z,011053,kC,DysL,ZRR,2018-05-10,20,ԁiցj,{,
ޓ,ԏ˂炢,L,Z,011053,kC,DysL,ZRPO,2018-05-10,19,̑,{,Ȃ
ޓ,ԏ˂炢,L,u,011100,kC,Dysc,uPU,2018-03-04,21,ԁiցj,{,Ȃ
ޓ,ԏ˂炢,L,u,011100,kC,Dysc,uPX,2018-07-23,21,H,{,Ȃ
ޓ,ԏ˂炢,L,u,011100,kC,Dysc,uQP,2018-07-29,18,ԁiցj,{,Ȃ
ޓ,ԏ˂炢,L,u,011100,kC,Dysc,uQU,2018-03-04,19,ԁiցj,{,Ȃ
ޓ,ԏ˂炢,L,u,011100,kC,Dysc,uRT,2018-06-09,00,ԁiցj,{,Ȃ
ޓ,ԏ˂炢,L,u,011100,kC,Dysc,uSU,2018-06-07,19,̑,{,Ȃ
ޓ,ԏ˂炢,L,u,011100,kC,Dysc,uSX,2018-04-21,09,H,{,Ȃ
ޓ,ԏ˂炢,L,u,011100,kC,Dysc,,2018-07-08,13,ԁiցj,{,
ޓ,ԏ˂炢,L,u,011100,kC,Dysc,^hPQ,2018-04-13,18,H,{,
ޓ,ԏ˂炢,L,u,011100,kC,Dysc,^hPQ,2018-06-08,21,ԁiցj,{,Ȃ
ޓ,ԏ˂炢,L,u,011100,kC,Dysc,^hQQ,2018-09-08,16,ˌZ,{,Ȃ
ޓ,ԏ˂炢,L,u,011100,kC,Dysc,^hRQ,2018-08-23,20,ԁiցj,{,
ޓ,ԏ˂炢,L,u,011100,kC,Dysc,^hSR,2018-07-09,18,ԁiցj,{,Ȃ
ޓ,ԏ˂炢,,,,,,,2017-12-28,21,̑,{,
ޓ,ԏ˂炢,,MZ,011088,kC,Dysʋ,ʒRS,2018-02-23,20,ԁiցj,{,Ȃ
ޓ,ԏ˂炢,,MZ,011088,kC,Dysʋ,ʐRQ,2018-09-19,20,ˌZ,{,Ȃ
ޓ,ԏ˂炢,,MZ,011088,kC,Dysʋ,ʐRQ,2018-09-19,21,SKĈȏ㋤Z,{,Ȃ
ޓ,ԏ˂炢,,Xь,011088,kC,Dysʋ,ʓRT,2018-09-14,19,̑,{,
ޓ,ԏ˂炢,,Xь,011088,kC,Dysʋ,ʓST,2018-07-16,23,ˌZ,{,Ȃ
ޓ,ԏ˂炢,,Ђ΂胖u,011088,kC,Dysʋ,ʓP,2018-03-15,08,ԁiցj,{,Ȃ
ޓ,ԏ˂炢,,Ђ΂胖u,011088,kC,Dysʋ,ʓQ,2018-03-15,21,ԁiցj,{,Ȃ
ޓ,ԏ˂炢,,Ђ΂胖u,011088,kC,Dysʋ,ʓR,2018-03-15,20,ԁiցj,{,Ȃ
ޓ,ԏ˂炢,,Ђ΂胖u,011088,kC,Dysʋ,ʓR,2018-07-31,17,ԁiցj,{,
ޓ,ԏ˂炢,,Ђ΂胖u,011088,kC,Dysʋ,JnS,2018-07-02,16,ˌZ,{,Ȃ
ޓ,ԏ˂炢,,y,011088,kC,Dysʋ,ʓS,2018-07-31,23,H,{,Ȃ
ޓ,ԏ˂炢,,y,011088,kC,Dysʋ,ʓT,2018-02-24,18,ԁiցj,{,
ޓ,ԏ˂炢,,y,011088,kC,Dysʋ,yRR,2018-02-28,19,H,{,Ȃ
ޓ,ԏ˂炢,,VDy,011088,kC,Dysʋ,tU,2018-02-28,19,ԁiցj,{,Ȃ
ޓ,ԏ˂炢,,VDy,011088,kC,Dysʋ,yPQ,2018-05-10,20,̑,{,
ޓ,ԏ˂炢,,݂,011088,kC,Dysʋ,݂kV,2018-08-02,17,ԁiցj,{,
ޓ,ԏ˂炢,,kL,012343,kC,kLs,䒬R,2018-02-27,23,̑,{,Ȃ
ޓ,ԏ˂炢,,kL,012343,kC,kLs,䒬P,2018-10-26,18,ԁiցj,{,Ȃ
ޓ,ԏ˂炢,,kL,012343,kC,kLs,k̗,2018-04-11,07,ԁiցj,{,
ޓ,ԏ˂炢,,kL,012343,kC,kLs,k̗,2018-08-10,17,̑,{,Ȃ
ޓ,ԏ˂炢,,kL,012343,kC,kLs,k̗,2018-11-27,19,ԁiցj,{,Ȃ
ޓ,ԏ˂炢,,kL,012343,kC,kLs,hP,2018-10-22,21,̑̏ZiRKĈȉZj,{,Ȃ
ޓ,ԏ˂炢,,kL,012343,kC,kLs,VxP,2018-02-28,00,H,{,
ޓ,ԏ˂炢,,kL,012343,kC,kLs,VxQ,2018-02-27,09,ԁiցj,{,Ȃ
ޓ,ԏ˂炢,,kL,012343,kC,kLs,x,2011-01-23,14,ԁiցj,{,
ޓ,ԏ˂炢,,kL,012343,kC,kLs,̑,2018-07-25,22,ԁiցj,{,Ȃ
ޓ,ԏ˂炢,,kL,012343,kC,kLs,炫Q,2018-03-01,22,̑,{,Ȃ
ޓ,ԏ˂炢,,kLwO,012343,kC,kLs,S,2018-09-24,15,ˌZ,{,Ȃ
ޓ,ԏ˂炢,,,012343,kC,kLs,ȖLP,2018-10-14,21,ˌZ,{,Ȃ
ޓ,ԏ˂炢,,,012343,kC,kLs,ȖLQ,2018-10-14,19,ԁiցj,{,
ޓ,ԏ˂炢,,,012343,kC,kLs,ȖLR,2018-11-21,10,ԁiցj,{,Ȃ
ޓ,ԏ˂炢,,,012343,kC,kLs,ȖLR,2018-11-21,23,ˌZ,{,Ȃ
ޓ,ԏ˂炢,,,012343,kC,kLs,ȖLS,2018-11-21,17,ˌZ,{,Ȃ
ޓ,ԏ˂炢,,,012343,kC,kLs,ȖLS,2018-11-21,21,ԁiցj,{,Ȃ
ޓ,ԏ˂炢,,,012343,kC,kLs,ȒR,2018-06-08,18,̑̏ZiRKĈȉZj,{,Ȃ
ޓ,ԏ˂炢,,,012343,kC,kLs,ȔtP,2018-06-27,17,ԁiցj,{,
ޓ,ԏ˂炢,,,012343,kC,kLs,ȗ΃uQ,2018-10-14,16,ˌZ,{,
ޓ,ԏ˂炢,,,012343,kC,kLs,ȗ΃uQ,2018-10-14,22,ˌZ,{,Ȃ
ޓ,ԏ˂炢,,,012343,kC,kLs,ȗ΃uR,2018-08-02,20,ˌZ,{,
ޓ,ԏ˂炢,,,012343,kC,kLs,ȗ΃uT,2018-10-15,01,H,{,
ޓ,ԏ˂炢,,,012343,kC,kLs,ȗ΃uV,2018-10-14,23,ԁiցj,{,Ȃ
ޓ,ԏ˂炢,,,012343,kC,kLs,ȓ샖uS,2018-06-08,19,ˌZ,{,Ȃ
ޓ,ԏ˂炢,,,012343,kC,kLs,hP,2018-11-12,18,H,{,Ȃ
ޓ,ԏ˂炢,,,012343,kC,kLs,kiR,2018-11-21,22,ˌZ,{,Ȃ
ޓ,ԏ˂炢,,,012343,kC,kLs,ȍKS,2018-04-10,20,ԁiցj,{,Ȃ
ޓ,ԏ˂炢,,,012343,kC,kLs,ȕ؂R,2018-03-03,18,ԁiցj,{,Ȃ
ޓ,ԏ˂炢,,֌,012343,kC,kLs,]uP,2018-05-28,02,ԁiցj,{,Ȃ
ޓ,ԏ˂炢,,֌,012343,kC,kLs,]uT,2018-05-28,18,ˌZ,{,
ޓ,ԏ˂炢,,֌,012343,kC,kLs,m,2018-03-17,10,ԁiցj,{,
ޓ,ԏ˂炢,,֌,012343,kC,kLs,m,2018-08-11,11,̑,{,
ޓ,ԏ˂炢,,֌,012343,kC,kLs,m,2018-09-21,13,ԁiցj,{,
ޓ,ԏ˂炢,,֌,012343,kC,kLs,֌Q,2018-05-27,09,ˌZ,{,Ȃ
ޓ,ԏ˂炢,,֌,012343,kC,kLs,֌R,2018-02-27,21,ˌZ,{,Ȃ
ޓ,ԏ˂炢,,֌,012343,kC,kLs,֌R,2018-07-24,20,ˌZ,{,Ȃ
ޓ,ԏ˂炢,,̗,012343,kC,kLs,̗P,2018-07-24,00,ԁiցj,{,
ޓ,ԏ˂炢,,̗,012343,kC,kLs,̗P,2018-11-12,12,ԁiցj,{,Ȃ
ޓ,ԏ˂炢,,,011096,kC,Dys,xuQT,2018-02-14,15,ԁiցj,{,
ޓ,ԏ˂炢,,,011096,kC,Dys,xuQT,2018-02-26,19,̑,{,Ȃ
ޓ,ԏ˂炢,,,011096,kC,Dys,xuRV,2018-07-09,18,ԁiցj,{,Ȃ
ޓ,ԏ˂炢,,Oc,011096,kC,Dys,QQ,2018-10-15,17,ԁiցj,{,Ȃ
ޓ,ԏ˂炢,,Oc,011096,kC,Dys,PP,2018-10-09,00,ˌZ,{,Ȃ
ޓ,ԏ˂炢,,Oc,011096,kC,Dys,OcTPR,2018-11-30,02,ԁiցj,{,
ޓ,ԏ˂炢,,Oc,011096,kC,Dys,OcVPW,2018-08-10,21,ˌZ,{,
ޓ,ԏ˂炢,,Oc,011096,kC,Dys,OcWX,2018-07-09,19,ˌZ,{,Ȃ
ޓ,ԏ˂炢,,Oc,011096,kC,Dys,OcWPW,2018-07-09,20,ˌZ,{,Ȃ
ޓ,ԏ˂炢,,Oc,011096,kC,Dys,OcPOPS,2018-07-09,18,ԁiցj,{,
ޓ,ԏ˂炢,,Oc,011096,kC,Dys,OcPOPT,2018-07-10,02,ˌZ,{,Ȃ
ޓ,ԏ˂炢,,R,011096,kC,Dys,WQ,2018-09-28,18,ԁiցj,{,Ȃ
ޓ,ԏ˂炢,,R,011096,kC,Dys,XQ,2018-09-17,14,̑,{,
ޓ,ԏ˂炢,,R,011096,kC,Dys,PPP,2018-11-30,18,̑̏ZiRKĈȉZj,{,Ȃ
ޓ,ԏ˂炢,,{̑,011096,kC,Dys,{̑PS,2018-02-16,18,̑̏ZiRKĈȉZj,{,Ȃ
ޓ,ԏ˂炢,,{̑,011096,kC,Dys,{̑QR,2018-02-16,20,ԁiցj,{,Ȃ
ޓ,ԏ˂炢,,{̑,011096,kC,Dys,{̑QS,2018-02-16,22,ˌZ,{,
ޓ,ԏ˂炢,,,011096,kC,Dys,VTP,2018-11-20,00,ԁiցj,{,Ȃ
ޓ,ԏ˂炢,,,011096,kC,Dys,VUR,2018-11-19,19,ˌZ,{,
ޓ,ԏ˂炢,,,011096,kC,Dys,VUT,2018-11-19,19,H,{,
ޓ,ԏ˂炢,,,011096,kC,Dys,OcTS,2018-12-13,21,̑,{,Ȃ
ޓ,ԏ˂炢,,,011096,kC,Dys,PQ,2018-01-17,23,ԁiցj,{,
ޓ,ԏ˂炢,,,011096,kC,Dys,PW,2018-08-24,19,H,{,
ޓ,ԏ˂炢,,,011096,kC,Dys,QR,2018-07-07,18,ԁiցj,{,Ȃ
ޓ,ԏ˂炢,,,011096,kC,Dys,QT,2018-01-17,16,ԁiցj,{,Ȃ
ޓ,ԏ˂炢,,,011096,kC,Dys,QV,2018-08-24,18,̑,{,
ޓ,ԏ˂炢,,,011096,kC,Dys,RQ,2018-07-19,22,ԁiցj,{,Ȃ
ޓ,ԏ˂炢,,,011096,kC,Dys,SQ,2018-07-19,20,ԁiցj,{,Ȃ
ޓ,ԏ˂炢,,,011096,kC,Dys,SS,2018-03-24,21,ˌZ,{,
ޓ,ԏ˂炢,,,011096,kC,Dys,ST,2018-03-24,20,ˌZ,{,
ޓ,ԏ˂炢,,u,011096,kC,Dys,SR,2018-09-17,18,ˌZ,{,Ȃ
ޓ,ԏ˂炢,ْ,V,012025,kC,َs,To,2018-05-25,18,̑,{,
ޓ,ԏ˂炢,ْ,V,012025,kC,َs,x쒬,2018-07-06,19,̑̏ZiRKĈȉZj,{,
ޓ,ԏ˂炢,ْ,l,012025,kC,َs,L쒬,2018-01-30,09,̑,{,Ȃ
ޓ,ԏ˂炢,ْ,,012025,kC,َs,l,2018-09-28,03,ˌZ,{,
ޓ,ԏ˂炢,ْ,g,012025,kC,َs,gP,2018-07-18,04,̑̏ZiRKĈȉZj,{,Ȃ
ޓ,ԏ˂炢,ْ,g,012025,kC,َs,gQ,2018-08-08,19,̑̏ZiRKĈȉZj,{,
ޓ,ԏ˂炢,ْ,g,012025,kC,َs,gS,2018-08-08,11,ˌZ,{,
ޓ,ԏ˂炢,ْ,g,012025,kC,َs,gS,2018-09-04,22,ˌZ,{,
ޓ,ԏ˂炢,ْ,g,012025,kC,َs,gS,2018-09-04,22,̑̏ZiRKĈȉZj,{,
ޓ,ԏ˂炢,ْ,g,012025,kC,َs,gS,2018-09-05,00,ˌZ,{,
ޓ,ԏ˂炢,ْ,g,012025,kC,َs,gS,2018-09-05,01,ԁiցj,{,
ޓ,ԏ˂炢,ْ,{,012025,kC,َs,ܗŊs,2018-02-13,18,ԁiցj,{,Ȃ
ޓ,ԏ˂炢,ْ,{,012025,kC,َs,,2018-01-08,15,ԁiցj,{,Ȃ
ޓ,ԏ˂炢,ْ,{,012025,kC,َs,,2018-01-30,23,̑,{,Ȃ
ޓ,ԏ˂炢,ْ,{,012025,kC,َs,,2018-09-27,23,̑̏ZiRKĈȉZj,{,Ȃ
ޓ,ԏ˂炢,ْ,{,012025,kC,َs,,2018-10-10,17,ˌZ,{,
ޓ,ԏ˂炢,ْ,{,012025,kC,َs,,2018-10-10,20,ˌZ,{,Ȃ
ޓ,ԏ˂炢,ْ,{,012025,kC,َs,,2018-10-10,21,ˌZ,{,
ޓ,ԏ˂炢,ْ,{,012025,kC,َs,,2018-10-10,21,ԁiցj,{,
ޓ,ԏ˂炢,ْ,{,012025,kC,َs,,2018-10-10,23,̑̏ZiRKĈȉZj,{,
ޓ,ԏ˂炢,ْ,{,012025,kC,َs,,2018-10-20,11,ˌZ,{,Ȃ
ޓ,ԏ˂炢,ْ,{,012025,kC,َs,쒬,2018-09-08,08,̑,{,Ȃ
ޓ,ԏ˂炢,ْ,,012025,kC,َs,쒬,2018-09-30,22,H,{,
ޓ,ԏ˂炢,ْ,,012025,kC,َs,u,2018-06-27,17,ˌZ,{,
ޓ,ԏ˂炢,ْ,,012025,kC,َs,u,2018-06-27,20,ԁiցj,{,
ޓ,ԏ˂炢,ْ,,012025,kC,َs,u,2018-08-08,21,̑̏ZiRKĈȉZj,{,
ޓ,ԏ˂炢,ْ,,012025,kC,َs,ˑq,2018-04-05,17,̑,{,Ȃ
ޓ,ԏ˂炢,ْ,,012025,kC,َs,쒬P,2018-10-15,22,̑,{,
ޓ,ԏ˂炢,ْ,,012025,kC,َs,쒬Q,2018-01-25,10,ԁiցj,{,Ȃ
ޓ,ԏ˂炢,ْ,,012025,kC,َs,쒬R,2018-11-01,18,H,{,Ȃ
ޓ,ԏ˂炢,ْ,x,012025,kC,َs,Tc{,2018-08-05,15,ԁiցj,{,
ޓ,ԏ˂炢,ْ,x,012025,kC,َs,Tc{,2018-08-05,21,H,{,Ȃ
ޓ,ԏ˂炢,ْ,x,012025,kC,َs,Tc{,2018-11-26,18,ˌZ,{,Ȃ
ޓ,ԏ˂炢,ْ,x,012025,kC,َs,xP,2018-07-15,07,̑̏ZiRKĈȉZj,{,
ޓ,ԏ˂炢,ْ,x,012025,kC,َs,xP,2018-07-15,23,ˌZ,{,Ȃ
ޓ,ԏ˂炢,ْ,x,012025,kC,َs,xP,2018-07-16,11,ˌZ,{,Ȃ
ޓ,ԏ˂炢,ْ,x,012025,kC,َs,xQ,2018-07-16,00,̑̏ZiRKĈȉZj,{,Ȃ
ޓ,ԏ˂炢,ْ,x,012025,kC,َs,xQ,2018-08-05,21,SKĈȏ㋤Z,{,
ޓ,ԏ˂炢,ْ,x,012025,kC,َs,xQ,2018-08-05,21,̑̏ZiRKĈȉZj,{,Ȃ
ޓ,ԏ˂炢,ْ,x,012025,kC,َs,xQ,2018-08-05,22,H,{,Ȃ
ޓ,ԏ˂炢,ْ,x,012025,kC,َs,xQ,2018-09-20,18,ˌZ,{,Ȃ
ޓ,ԏ˂炢,ْ,x,012025,kC,َs,xQ,2018-09-20,23,̑̏ZiRKĈȉZj,{,
ޓ,ԏ˂炢,ْ,x,012025,kC,َs,xQ,2018-09-20,23,ԁiցj,{,Ȃ
ޓ,ԏ˂炢,ْ,x,012025,kC,َs,xQ,2018-09-21,00,ԁiցj,{,
ޓ,ԏ˂炢,ْ,x,012025,kC,َs,xQ,2018-09-21,00,H,{,
ޓ,ԏ˂炢,ْ,x,012025,kC,َs,xQ,2018-09-21,02,ˌZ,{,Ȃ
ޓ,ԏ˂炢,ْ,j[,012025,kC,َs,j[,2018-07-05,23,̑̏ZiRKĈȉZj,{,
ޓ,ԏ˂炢,ْ,j[,012025,kC,َs,j[,2018-07-06,18,̑̏ZiRKĈȉZj,{,
ޓ,ԏ˂炢,ْ,j[,012025,kC,َs,j[,2018-08-06,11,ԁiցj,{,Ȃ
ޓ,ԏ˂炢,ْ,j[,012025,kC,َs,j[,2018-09-30,20,H,{,
ޓ,ԏ˂炢,ْ,j[,012025,kC,َs,j[,2018-09-30,21,̑̏ZiRKĈȉZj,{,
ޓ,ԏ˂炢,ْ,j[,012025,kC,َs,j[,2018-09-07,16,ԁiցj,{,
ޓ,ԏ˂炢,ْ,j[,012025,kC,َs,j[,2018-09-07,22,ԁiցj,{,Ȃ
ޓ,ԏ˂炢,ْ,j[,012025,kC,َs,j[,2018-09-07,23,H,{,Ȃ
ޓ,ԏ˂炢,ْ,j[,012025,kC,َs,j[,2018-09-30,20,ˌZ,{,
ޓ,ԏ˂炢,ْ,j[,012025,kC,َs,j[P,2018-09-09,21,ˌZ,{,
ޓ,ԏ˂炢,ْ,j[,012025,kC,َs,j[P,2018-09-09,22,̑̏ZiRKĈȉZj,{,
ޓ,ԏ˂炢,ْ,j[,012025,kC,َs,j[R,2018-07-06,20,̑̏ZiRKĈȉZj,{,
ޓ,ԏ˂炢,ْ,j[,012025,kC,َs,j[R,2018-12-06,19,ˌZ,{,Ȃ
ޓ,ԏ˂炢,ْ,j[,012025,kC,َs,j[S,2018-02-07,08,ԁiցj,{,Ȃ
ޓ,ԏ˂炢,ْ,j[,012025,kC,َs,j[S,2018-11-11,19,ˌZ,{,Ȃ
ޓ,ԏ˂炢,ْ,j[,012025,kC,َs,j[S,2018-12-03,16,ԁiցj,{,
ޓ,ԏ˂炢,ْ,j[,012025,kC,َs,j[S,2018-12-06,18,ˌZ,{,
ޓ,ԏ˂炢,ْ,j[,012025,kC,َs,j[S,2018-12-06,22,ˌZ,{,
ޓ,ԏ˂炢,ْ,Ԑ,012025,kC,َs,xR,2018-01-08,08,ԁiցj,{,Ȃ
ޓ,ԏ˂炢,ْ,Ԑ,012025,kC,َs,Q,2018-08-19,18,ˌZ,{,
ޓ,ԏ˂炢,ْ,,013374,kC,ђ,,2018-02-15,12,ԁiցj,{,Ȃ
ޓ,ԏ˂炢,ْ,,013374,kC,ђ,,2018-04-07,23,ԁiցj,{,
ޓ,ԏ˂炢,ْ,,013374,kC,ђ,咆RQ,2018-01-12,20,ˌZ,{,Ȃ
ޓ,ԏ˂炢,ْ,,013374,kC,ђ,咆RR,2018-09-10,18,̑,{,
ޓ,ԏ˂炢,ْ,,013374,kC,ђ,Q,2018-12-01,15,ԁiցj,{,
ޓ,ԏ˂炢,ْ,,013374,kC,ђ,S,2018-08-15,22,ˌZ,{,
ޓ,ԏ˂炢,ْ,,013374,kC,ђ,T,2018-07-19,19,̑̏ZiRKĈȉZj,{,
ޓ,ԏ˂炢,ْ,,013374,kC,ђ,T,2018-07-19,22,̑̏ZiRKĈȉZj,{,
ޓ,ԏ˂炢,ْ,,013374,kC,ђ,{V,2018-09-04,08,̑,{,Ȃ
ޓ,ԏ˂炢,ْ,,013374,kC,ђ,{W,2018-10-09,17,̑̏ZiRKĈȉZj,{,
ޓ,ԏ˂炢,ْ,,013374,kC,ђ,{W,2018-10-10,17,̑̏ZiRKĈȉZj,{,Ȃ
ޓ,ԏ˂炢,ْ,,013374,kC,ђ,ΒP,2018-08-16,02,ԁiցj,{,
ޓ,ԏ˂炢,ْ,,013374,kC,ђ,ΒR,2018-10-09,21,H,{,Ȃ
ޓ,ԏ˂炢,ْ,ѓ,013374,kC,ђ,Q,2018-11-11,16,ˌZ,{,
ޓ,ԏ˂炢,ْ,ѓ,013374,kC,ђ,Q,2018-11-11,20,ˌZ,{,
ޓ,ԏ˂炢,ْ,ѓ,013374,kC,ђ,T,2018-01-11,22,ˌZ,{,Ȃ
ޓ,ԏ˂炢,ْ,ѓ,013374,kC,ђ,T,2018-08-15,23,̑,{,
ޓ,ԏ˂炢,ْ,ѓ,013374,kC,ђ,U,2018-07-05,20,̑,{,
ޓ,ԏ˂炢,ْ,ѓ,013374,kC,ђ,U,2018-07-05,21,H,{,
ޓ,ԏ˂炢,ْ,,012360,kC,kls,sn,2018-10-28,07,ԁiցj,{,
ޓ,ԏ˂炢,ْ,,012360,kC,kls,snP,2018-01-06,10,ԁiցj,{,Ȃ
ޓ,ԏ˂炢,ْ,,012360,kC,kls,snP,2018-09-28,19,ԁiցj,{,Ȃ
ޓ,ԏ˂炢,ْ,,012360,kC,kls,{R,2018-07-05,17,ԁiցj,{,
ޓ,ԏ˂炢,ْ,,012360,kC,kls,{R,2018-11-30,20,ˌZ,{,Ȃ
ޓ,ԏ˂炢,ْ,,012360,kC,kls,{T,2018-12-05,18,ˌZ,{,
ޓ,ԏ˂炢,ْ,,012360,kC,kls,{T,2018-12-05,19,ˌZ,{,
ޓ,ԏ˂炢,ْ,̖@,012025,kC,َs,q,2018-03-21,18,ˌZ,{,Ȃ
ޓ,ԏ˂炢,ْ,KT,012025,kC,َs,,2018-01-05,08,H,{,Ȃ
ޓ,ԏ˂炢,ْ,KT,012025,kC,َs,쒬,2018-01-09,20,ԁiցj,{,Ȃ
ޓ,ԏ˂炢,ْ,΍,012025,kC,َs,V,2018-10-24,23,̑,{,
ޓ,ԏ˂炢,ْ,kl,012360,kC,kls,ʂP,2018-10-26,20,̑̏ZiRKĈȉZj,{,Ȃ
ޓ,ԏ˂炢,ْ,kl,012360,kC,kls,ʂP,2018-10-26,22,ԁiցj,{,
ޓ,ԏ˂炢,ْ,kl,012360,kC,kls,aQ,2018-10-26,17,ˌZ,{,
ޓ,ԏ˂炢,ْ,kl,012360,kC,kls,YR,2018-08-19,17,̑,{,Ȃ
ޓ,ԏ˂炢,ْ,kl,012360,kC,kls,ʂP,2018-10-26,21,ˌZ,{,
ޓ,ԏ˂炢,ْ,kl,012360,kC,kls,ʂQ,2018-07-06,06,̑,{,Ȃ
ޓ,ԏ˂炢,ْ,kl,012360,kC,kls,ʂR,2018-08-06,21,̑̏ZiRKĈȉZj,{,
ޓ,ԏ˂炢,ْ,kl,012360,kC,kls,lQ,2018-12-26,19,ԁiցj,{,
ޓ,ԏ˂炢,ْ,dl,012360,kC,kls,ǕR,2018-11-13,21,̑̏ZiRKĈȉZj,{,Ȃ
ޓ,ԏ˂炢,ْ,dl,012360,kC,kls,ǕR,2018-11-14,20,̑̏ZiRKĈȉZj,{,
ޓ,ԏ˂炢,ْ,dl,012360,kC,kls,ǕS,2018-07-03,20,̑̏ZiRKĈȉZj,{,
ޓ,ԏ˂炢,ْ,dl,012360,kC,kls,ǕT,2018-06-02,00,̑̏ZiRKĈȉZj,{,
ޓ,ԏ˂炢,ْ,dl,012360,kC,kls,dlP,2018-10-18,18,H,{,Ȃ
ޓ,ԏ˂炢,ْ,dl,012360,kC,kls,dlQ,2018-03-31,21,̑̏ZiRKĈȉZj,{,Ȃ
ޓ,ԏ˂炢,ْ,dl,012360,kC,kls,dlQ,2018-09-20,20,̑̏ZiRKĈȉZj,{,
ޓ,ԏ˂炢,ْ,dl,012360,kC,kls,dlQ,2018-09-21,19,ˌZ,{,Ȃ
ޓ,ԏ˂炢,ْ,dl,012360,kC,kls,dlQ,2018-09-21,21,̑̏ZiRKĈȉZj,{,
ޓ,ԏ˂炢,ْ,dl,012360,kC,kls,dlQ,2018-10-07,18,ԁiցj,{,Ȃ
ޓ,ԏ˂炢,ْ,dl,012360,kC,kls,dlS,2018-02-03,14,ԁiցj,{,Ȃ
ޓ,ԏ˂炢,ْ,dl,012360,kC,kls,dlS,2018-02-13,16,ԁiցj,{,Ȃ
ޓ,ԏ˂炢,ْ,dl,012360,kC,kls,dlS,2018-03-15,19,̑,{,Ȃ
ޓ,ԏ˂炢,ْ,dl,012360,kC,kls,dlS,2018-08-22,22,̑̏ZiRKĈȉZj,{,
ޓ,ԏ˂炢,ْ,dl,012360,kC,kls,dlS,2018-08-22,23,̑̏ZiRKĈȉZj,{,Ȃ
ޓ,ԏ˂炢,ْ,dl,012360,kC,kls,dlS,2018-10-09,17,ˌZ,{,Ȃ
ޓ,ԏ˂炢,ْ,dl,012360,kC,kls,dlS,2018-10-09,20,̑̏ZiRKĈȉZj,{,Ȃ
ޓ,ԏ˂炢,ْ,dl,012360,kC,kls,dlS,2018-10-09,22,̑̏ZiRKĈȉZj,{,
ޓ,ԏ˂炢,ْ,dl,012360,kC,kls,dlS,2018-12-18,13,̑,{,Ȃ
ޓ,ԏ˂炢,ْ,dl,012360,kC,kls,dlW,2018-11-14,12,̑̏ZiRKĈȉZj,{,Ȃ
ޓ,ԏ˂炢,ْ,dl,012360,kC,kls,dlW,2018-11-14,20,ˌZ,{,Ȃ
ޓ,ԏ˂炢,ْ,,012360,kC,kls,,2018-04-14,16,ԁiցj,{,Ȃ
ޓ,ԏ˂炢,ْ,㓒,012025,kC,َs,㓒쒬,2018-01-12,19,ˌZ,{,
ޓ,ԏ˂炢,ْ,a,012025,kC,َs,aP,2018-02-19,16,ԁiցj,{,Ȃ
ޓ,ԏ˂炢,ْ,a,012025,kC,َs,aQ,2018-07-16,02,̑̏ZiRKĈȉZj,{,
ޓ,ԏ˂炢,ْ,a,012025,kC,َs,aQ,2018-09-29,12,̑̏ZiRKĈȉZj,{,
ޓ,ԏ˂炢,ْ,a,012025,kC,َs,aQ,2018-09-29,19,̑̏ZiRKĈȉZj,{,
ޓ,ԏ˂炢,ْ,a,012025,kC,َs,j[,2018-01-19,01,̑,{,
ޓ,ԏ˂炢,ْ,a,012025,kC,َs,j[,2018-02-12,01,ԁiցj,{,Ȃ
ޓ,ԏ˂炢,ْ,a,012025,kC,َs,j[,2018-02-18,01,ԁiցj,{,Ȃ
ޓ,ԏ˂炢,ْ,a,012025,kC,َs,j[,2018-03-26,00,̑,{,Ȃ
ޓ,ԏ˂炢,ْ,a,012025,kC,َs,j[,2018-03-31,02,̑̏ZiRKĈȉZj,{,
ޓ,ԏ˂炢,ْ,a,012025,kC,َs,j[,2018-04-02,18,̑,{,
ޓ,ԏ˂炢,ْ,a,012025,kC,َs,j[,2018-09-05,09,ԁiցj,{,Ȃ
ޓ,ԏ˂炢,ْ,a,012025,kC,َs,j[,2018-10-06,16,SKĈȏ㋤Z,{,Ȃ
ޓ,ԏ˂炢,ْ,a,012025,kC,َs,j[,2018-10-08,18,̑̏ZiRKĈȉZj,{,
ޓ,ԏ˂炢,ْ,a,012025,kC,َs,j[,2018-10-08,19,̑̏ZiRKĈȉZj,{,
ޓ,ԏ˂炢,ْ,a,012025,kC,َs,j[,2018-10-08,19,ԁiցj,{,
ޓ,ԏ˂炢,ْ,a,012025,kC,َs,j[,2018-10-09,00,̑̏ZiRKĈȉZj,{,Ȃ
ޓ,ԏ˂炢,ْ,R,012025,kC,َs,ԐP,2018-09-15,18,H,{,Ȃ
ޓ,ԏ˂炢,ْ,R,012025,kC,َs,bP,2018-11-16,18,̑̏ZiRKĈȉZj,{,Ȃ
ޓ,ԏ˂炢,ْ,R,012025,kC,َs,bP,2018-11-16,18,̑̏ZiRKĈȉZj,{,
ޓ,ԏ˂炢,ْ,R,012025,kC,َs,bP,2018-11-16,21,ˌZ,{,
ޓ,ԏ˂炢,ْ,R,012025,kC,َs,bP,2018-12-03,23,ˌZ,{,
ޓ,ԏ˂炢,ْ,R,012025,kC,َs,bQ,2018-11-16,23,̑̏ZiRKĈȉZj,{,Ȃ
ޓ,ԏ˂炢,ْ,R,012025,kC,َs,bQ,2018-12-03,13,ˌZ,{,
ޓ,ԏ˂炢,ْ,R,012025,kC,َs,bQ,2018-12-03,21,ˌZ,{,
ޓ,ԏ˂炢,ْ,R,012025,kC,َs,bQ,2018-12-03,23,̑̏ZiRKĈȉZj,{,Ȃ
ޓ,ԏ˂炢,ْ,R,012025,kC,َs,w쒬,2018-07-06,18,̑,{,Ȃ
ޓ,ԏ˂炢,ْ,R,012025,kC,َs,P,2018-09-20,21,ˌZ,{,
ޓ,ԏ˂炢,ْ,R,012025,kC,َs,R,2018-01-11,00,ԁiցj,{,Ȃ
ޓ,ԏ˂炢,ْ,R,012025,kC,َs,{ʂQ,2018-12-03,19,ˌZ,{,Ȃ
ޓ,ԏ˂炢,ْ,R,012025,kC,َs,R̎Q,2018-12-21,13,̑,{,Ȃ
ޓ,ԏ˂炢,ْ,R,012025,kC,َs,R̎R,2018-06-27,16,̑̏ZiRKĈȉZj,{,Ȃ
ޓ,ԏ˂炢,ْ,R,012025,kC,َs,,2018-10-20,00,̑,{,
ޓ,ԏ˂炢,ْ,R,012025,kC,َs,RQ,2018-12-12,19,ˌZ,{,Ȃ
ޓ,ԏ˂炢,ْ,R,012025,kC,َs,RR,2018-12-08,14,ˌZ,{,
ޓ,ԏ˂炢,ْ,R,012025,kC,َs,RR,2018-12-08,17,ˌZ,{,Ȃ
ޓ,ԏ˂炢,ْ,R,012025,kC,َs,RR,2018-12-08,18,H,{,
ޓ,ԏ˂炢,ْ,D,012025,kC,َs,ؒ,2018-04-16,16,ˌZ,{,
ޓ,ԏ˂炢,ْ,D,012025,kC,َs,ؒ,2018-05-21,19,̑,{,
ޓ,ԏ˂炢,ْ,,012025,kC,َs,Ԑ쒬,2018-09-07,19,ԁiցj,{,
ޓ,ԏ˂炢,ْ,,012025,kC,َs,P,2018-09-29,20,̑̏ZiRKĈȉZj,{,Ȃ
ޓ,ԏ˂炢,ْ,,012025,kC,َs,P,2018-09-29,22,̑̏ZiRKĈȉZj,{,
ޓ,ԏ˂炢,ْ,,012025,kC,َs,Q,2018-12-05,00,̑̏ZiRKĈȉZj,{,
ޓ,ԏ˂炢,ْ,,012025,kC,َs,T,2018-07-01,07,̑̏ZiRKĈȉZj,{,
ޓ,ԏ˂炢,ْ,,012025,kC,َs,T,2018-07-01,18,̑̏ZiRKĈȉZj,{,Ȃ
ޓ,ԏ˂炢,ْ,,012025,kC,َs,_RR,2018-11-27,18,H,{,Ȃ
ޓ,ԏ˂炢,ْ,,012025,kC,َs,kP,2018-05-23,20,̑,{,
ޓ,ԏ˂炢,ِ,\X,012025,kC,َs,ٓV,2018-12-17,00,H,{,
ޓ,ԏ˂炢,ِ,X,012025,kC,َs,h,2018-02-07,11,ԁiցj,{,Ȃ
ޓ,ԏ˂炢,ِ,ىwO,012025,kC,َs,꒬,2018-02-07,12,H,{,
ޓ,ԏ˂炢,ِ,,012025,kC,َs,㒬,2018-10-05,18,ԁiցj,{,Ȃ
ޓ,ԏ˂炢,ِ,Tc,012025,kC,َs,쒬,2018-01-05,06,ԁiցj,{,Ȃ
ޓ,ԏ˂炢,ِ,Tc,012025,kC,َs,쒬,2018-01-16,16,ԁiցj,{,Ȃ
ޓ,ԏ˂炢,ِ,Tc,012025,kC,َs,쒬,2018-03-10,22,ԁiցj,{,Ȃ
ޓ,ԏ˂炢,ِ,Tc,012025,kC,َs,쒬,2018-03-23,19,ԁiցj,{,Ȃ
ޓ,ԏ˂炢,ِ,Tc,012025,kC,َs,쒬,2018-05-14,16,̑̏ZiRKĈȉZj,{,Ȃ
ޓ,ԏ˂炢,ِ,Tc,012025,kC,َs,쒬,2018-05-25,18,̑,{,Ȃ
ޓ,ԏ˂炢,ِ,Tc,012025,kC,َs,Tc,2018-11-12,07,H,{,Ȃ
ޓ,ԏ˂炢,ِ,`,012025,kC,َs,쒬,2018-03-25,20,ԁiցj,{,Ȃ
ޓ,ԏ˂炢,ِ,`,012025,kC,َs,Tc`,2018-07-03,18,̑̏ZiRKĈȉZj,{,Ȃ
ޓ,ԏ˂炢,ِ,`,012025,kC,َs,a,2018-07-03,23,̑̏ZiRKĈȉZj,{,Ȃ
ޓ,ԏ˂炢,ِ,`,012025,kC,َs,`P,2018-11-30,21,ˌZ,{,
ޓ,ԏ˂炢,ِ,`,012025,kC,َs,`R,2018-04-21,08,ԁiցj,{,Ȃ
ޓ,ԏ˂炢,ِ,`,012025,kC,َs,`R,2018-09-03,21,ˌZ,{,
ޓ,ԏ˂炢,X,ݒn,013455,kC,X,䒬,2018-06-01,11,̑̏ZiRKĈȉZj,{,Ȃ
ޓ,ԏ˂炢,X,ݒn,013455,kC,X,,2018-02-07,08,ԁiցj,{,
ޓ,ԏ˂炢,X,ݒn,013455,kC,X,V쒬,2018-01-10,20,ˌZ,{,Ȃ
ޓ,ԏ˂炢,X,ݒn,013455,kC,X,`,2018-01-10,16,̑̏ZiRKĈȉZj,{,
ޓ,ԏ˂炢,X,ݒn,013455,kC,X,`,2018-01-10,17,ԁiցj,{,Ȃ
ޓ,ԏ˂炢,X,ݒn,013455,kC,X,`,2018-01-10,20,ˌZ,{,
ޓ,ԏ˂炢,X,ݒn,013455,kC,X,`,2018-04-08,22,ˌZ,{,
ޓ,ԏ˂炢,X,x,013455,kC,X,Px,2018-04-14,15,̑,{,Ȃ
ޓ,ԏ˂炢,X,,013439,kC,,,2018-11-05,19,ˌZ,{,
ޓ,ԏ˂炢,X,,013439,kC,,{l,2018-11-20,16,̑̏ZiRKĈȉZj,{,
ޓ,ԏ˂炢,X,,013439,kC,,{l,2018-11-20,18,H,{,Ȃ
ޓ,ԏ˂炢,X,,013439,kC,,{l,2018-11-20,19,̑̏ZiRKĈȉZj,{,Ȃ
ޓ,ԏ˂炢,X,,013439,kC,,{l,2018-11-20,19,̑̏ZiRKĈȉZj,{,
ޓ,ԏ˂炢,X,,013439,kC,,{l,2018-11-20,19,H,{,Ȃ
ޓ,ԏ˂炢,X,,013439,kC,,{l,2018-11-20,20,ˌZ,{,
ޓ,ԏ˂炢,X,,013439,kC,,{l,2018-11-20,21,̑̏ZiRKĈȉZj,{,Ȃ
ޓ,ԏ˂炢,X,,013439,kC,,{l,2018-11-20,21,̑̏ZiRKĈȉZj,{,
ޓ,ԏ˂炢,X,,013455,kC,X,R,2018-09-23,20,ˌZ,{,
ޓ,ԏ˂炢,X,,013455,kC,X,U,2018-03-24,19,ˌZ,{,
ޓ,ԏ˂炢,_,ݒn,013463,kC,_,_,2018-02-06,19,ԁiցj,{,Ȃ
ޓ,ԏ˂炢,،Ó,ݒn,013340,kC,،Ó,{,2018-12-16,16,ԁiցj,{,
ޓ,ԏ˂炢,],,013641,kC,,Β,2018-12-11,17,ˌZ,{,Ȃ
ޓ,ԏ˂炢,],,013641,kC,,Β,2018-12-11,17,ԁiցj,{,
ޓ,ԏ˂炢,],,013641,kC,,Β,2018-12-11,18,ԁiցj,{,Ȃ
ޓ,ԏ˂炢,],,013641,kC,,Β,2018-12-11,20,ԁiցj,{,Ȃ
ޓ,ԏ˂炢,쒆,鐲,014524,kC,鐲,kPP,2018-04-26,08,̑,{,
ޓ,ԏ˂炢,m,wO,012203,kC,mʎs,,2018-10-29,13,ԁiցj,{,Ȃ
ޓ,ԏ˂炢,m,,012203,kC,mʎs,,2018-06-01,13,ԁiցj,{,Ȃ
ޓ,ԏ˂炢,,A,012211,kC,s,A,2018-01-05,17,H,{,
ޓ,ԏ˂炢,}K,ݒn,015148,kC,}K,K,2018-11-19,17,̑̏ZiRKĈȉZj,{,Ȃ
ޓ,ԏ˂炢,}K,ݒn,015148,kC,}K,kh,2018-11-19,23,H,{,
ޓ,ԏ˂炢,xǖ,wO,012297,kC,xǖs,jؒ,2018-12-22,08,̑,{,Ȃ
ޓ,ԏ˂炢,xǖ,wO,012297,kC,xǖs,k,2018-11-02,18,ԁiցj,{,
ޓ,ԏ˂炢,xǖ,wO,012297,kC,xǖs,,2018-10-28,19,̑̏ZiRKĈȉZj,{,Ȃ
ޓ,ԏ˂炢,xǖ,wO,012297,kC,xǖs,,2018-11-03,17,ˌZ,{,Ȃ
ޓ,ԏ˂炢,xǖ,wO,012297,kC,xǖs,얃,2018-11-02,22,H,{,
ޓ,ԏ˂炢,xǖ,wO,012297,kC,xǖs,쒬,2018-11-02,17,ˌZ,{,
ޓ,ԏ˂炢,xǖ,[,012297,kC,xǖs,[,2018-06-24,13,ԁiցj,{,
ޓ,ԏ˂炢,xǖ,,014621,kC,xǖ쒬,R,2018-10-16,20,H,{,Ȃ
ޓ,ԏ˂炢,xǖ,芥,014630,kC,芥,芥,2018-10-16,11,̑,{,Ȃ
ޓ,ԏ˂炢,xǖ,芥,014630,kC,芥,,2018-08-04,10,H,{,Ȃ
ޓ,ԏ˂炢,xǖ,芥,014630,kC,芥,,2018-10-16,20,̑̏ZiRKĈȉZj,{,Ȃ
ޓ,ԏ˂炢,[,wO,012289,kC,[s,VQ,2018-09-01,20,̑̏ZiRKĈȉZj,{,
ޓ,ԏ˂炢,[,wO,012289,kC,[s,,2018-02-04,20,ԁiցj,{,
ޓ,ԏ˂炢,[,w,014338,kC,w,w,2018-11-16,21,ԁiցj,{,
ޓ,ԏ˂炢,G,,014818,kC,ђ,씩S,2018-04-12,23,̑,{,
ޓ,ԏ˂炢,쓌,,014541,kC,,,2018-02-04,17,̑,{,Ȃ
ޓ,ԏ˂炢,쓌,L,012041,kC,s,LRQ,2018-07-06,13,ԁiցj,{,
ޓ,ԏ˂炢,쓌,iR,012041,kC,s,,2018-11-09,19,̑,{,
ޓ,ԏ˂炢,쓌,iR,012041,kC,s,iRVQO,2018-03-30,18,ԁiցj,{,
ޓ,ԏ˂炢,쓌,l,014591,kC,l,呺vۑP,2018-06-15,13,ԁiցj,{,
ޓ,ԏ˂炢,쓌,l,014591,kC,l,,2018-09-01,08,ԁiցj,{,
ޓ,ԏ˂炢,쓌,,014583,kC,쒬,Qk,2018-10-22,17,ԁiցj,{,
ޓ,ԏ˂炢,H,R,012068,kC,Hs,L˂Q,2018-10-01,20,̑̏ZiRKĈȉZj,{,
ޓ,ԏ˂炢,H,wO,012068,kC,Hs,l,2018-02-24,21,ԁiցj,{,
ޓ,ԏ˂炢,H,]m,012068,kC,Hs,΃PT,2018-06-26,10,ˌZ,{,
ޓ,ԏ˂炢,H,,012068,kC,Hs,,2018-06-02,14,̑,{,Ȃ
ޓ,ԏ˂炢,H,,012068,kC,Hs,R,2018-08-10,20,ԁiցj,{,Ȃ
ޓ,ԏ˂炢,H,,012068,kC,Hs,㈢QR,2018-01-18,10,ԁiցj,{,
ޓ,ԏ˂炢,H,f,016683,kC,f,QkR,2018-10-26,20,̑,{,
ޓ,ԏ˂炢,H,,012068,kC,Hs,ʒQ,2018-01-18,13,ԁiցj,{,
ޓ,ԏ˂炢,H,,012068,kC,Hs,P,2018-08-08,18,ԁiցj,{,
ޓ,ԏ˂炢,H,j,016683,kC,f,,2018-10-08,10,̑,{,
ޓ,ԏ˂炢,q,W,016641,kC,W,PO,2018-10-07,17,ԁiցj,{,
ޓ,ԏ˂炢,{,ݒn,016462,kC,{ʒ,ђ,2018-06-03,18,ԁiցj,{,
ޓ,ԏ˂炢,{,,016471,kC,,ST,2018-11-14,14,ԁiցj,{,
ޓ,ԏ˂炢,эL,O,012076,kC,эLs,PT,2018-05-25,15,̑,{,
ޓ,ԏ˂炢,эL,l,012076,kC,эLs,WPR,2018-05-21,22,ԁiցj,{,
ޓ,ԏ˂炢,эL,l,012076,kC,эLs,WPV,2018-10-02,20,̑,{,Ȃ
ޓ,ԏ˂炢,эL,,012076,kC,эLs,PPU,2018-10-26,10,̑,{,Ȃ
ޓ,ԏ˂炢,эL,ؖ,016314,kC,X,ؖʐPS,2018-12-10,16,̑,{,
ޓ,ԏ˂炢,эL,D,016438,kC,ʒ,Z,2018-11-20,17,̑,{,Ȃ
ޓ,ԏ˂炢,эL,my,016331,kC,my,,2018-04-01,s,̑,{,Ȃ
ޓ,ԏ˂炢,эL,my,016322,kC,my,my,2018-09-26,18,̑,{,
ޓ,ԏ˂炢,эL,莺,016373,kC,莺,PR,2018-11-07,15,ԁiցj,{,Ȃ
ޓ,ԏ˂炢,эL,莺,016373,kC,莺,莺R,2018-07-01,12,̑,{,
ޓ,ԏ˂炢,эL,,016438,kC,ʒ,ޔ⒬,2018-01-08,15,ԁiցj,{,
ޓ,ԏ˂炢,эL,,016438,kC,ʒ,,2018-08-24,15,̑,{,
ޓ,ԏ˂炢,эL,,016438,kC,ʒ,,2018-10-14,16,̑,{,Ȃ
ޓ,ԏ˂炢,V,,016349,kC,ǒ,y,2018-03-10,14,̑,{,
ޓ,ԏ˂炢,V,,016349,kC,ǒ,򒬂P,2018-01-26,18,ԁiցj,{,Ȃ
ޓ,ԏ˂炢,V,,016365,kC,,y,2018-02-24,17,̑̏ZiRKĈȉZj,{,Ȃ
ޓ,ԏ˂炢,V,e,016365,kC,,eT,2018-02-16,22,̑̏ZiRKĈȉZj,{,
ޓ,ԏ˂炢,L,,016411,kC,,,2018-01-22,16,ˌZ,{,
ޓ,ԏ˂炢,k,,012084,kC,ks,kiR,2018-06-04,12,ˌZ,{,Ȃ
ޓ,ԏ˂炢,k,wO,012084,kC,ks,򒬂P,2018-11-17,13,ԁiցj,{,Ȃ
ޓ,ԏ˂炢,k,wO,012084,kC,ks,˒,2018-10-21,13,ԁiցj,{,
ޓ,ԏ˂炢,k,,012084,kC,ks,OւP,2018-01-13,11,ԁiցj,{,Ȃ
ޓ,ԏ˂炢,k,,012084,kC,ks,RP,2018-07-05,12,ˌZ,{,Ȃ
ޓ,ԏ˂炢,k,,012084,kC,ks,,2018-01-17,16,ԁiցj,{,
ޓ,ԏ˂炢,k,A,012084,kC,ks,A,2018-09-26,10,ԁiցj,{,
ޓ,ԏ˂炢,k,A,012084,kC,ks,A,2018-10-21,18,H,{,
ޓ,ԏ˂炢,k,h,012084,kC,ks,tP,2018-08-04,18,ˌZ,{,
ޓ,ԏ˂炢,k,C,012084,kC,ks,CC,2018-11-18,18,ԁiցj,{,
ޓ,ԏ˂炢,y,N,015598,kC,Nʒ,h,2018-11-16,23,SKĈȏ㋤Z,{,
ޓ,ԏ˂炢,y,N,015598,kC,Nʒ,Nʓ쒬,2018-11-18,16,ԁiցj,{,
ޓ,ԏ˂炢,y,C,015521,kC,CԒ,x,2018-03-11,17,ԁiցj,{,
ޓ,ԏ˂炢,ԑ,,012114,kC,ԑs,kQ𐼂P,2018-03-26,09,ˌZ,{,Ȃ
ޓ,ԏ˂炢,ԑ,,012114,kC,ԑs,kPO𐼂R,2018-02-11,17,̑̏ZiRKĈȉZj,{,Ȃ
ޓ,ԏ˂炢,ԑ,,012114,kC,ԑs,kPP𐼂R,2018-02-26,16,̑̏ZiRKĈȉZj,{,
ޓ,ԏ˂炢,ԑ,,015644,kC,,ʌΔȂR,2018-09-23,19,ԁiցj,{,Ȃ
ޓ,ԏ˂炢,ԑ,,012114,kC,ԑs,S,2018-01-17,20,ԁiցj,{,
ޓ,ԏ˂炢,ԑ,,012114,kC,ԑs,W,2018-02-27,18,ˌZ,{,
ޓ,ԏ˂炢,ԑ,,012114,kC,ԑs,W,2018-03-26,12,ˌZ,{,Ȃ
ޓ,ԏ˂炢,ԑ,,012114,kC,ԑs,PO,2018-02-19,14,ˌZ,{,Ȃ
ޓ,ԏ˂炢,ԑ,,012114,kC,ԑs,PO,2018-02-27,17,ˌZ,{,
ޓ,ԏ˂炢,ԑ,,012114,kC,ԑs,kP,2018-02-27,09,ˌZ,{,Ȃ
ޓ,ԏ˂炢,ԑ,,012114,kC,ԑs,kP,2018-02-27,17,ˌZ,{,Ȃ
ޓ,ԏ˂炢,ԑ,V,012114,kC,ԑs,Β,2018-03-28,15,̑̏ZiRKĈȉZj,{,Ȃ
ޓ,ԏ˂炢,Η,ݒn,015458,kC,Η,,2018-11-15,20,ԁiցj,{,
ޓ,ԏ˂炢,,,012190,kC,ʎs,RQ,2018-06-02,18,̑,{,Ȃ
ޓ,ԏ˂炢,,,015601,kC,㒬,IVlbv,2018-01-09,17,̑,{,
ޓ,ԏ˂炢,,,011011,kC,Dys,kR𐼂Q,2018-10-25,14,H,{,
ޓ,ԏ˂炢,,,011011,kC,Dys,R𐼂S,2018-02-15,12,H,{,
ޓ,ԏ˂炢,,,011011,kC,Dys,R𐼂S,2018-03-08,15,H,{,
ޓ,ԏ˂炢,,,011011,kC,Dys,R𐼂S,2018-08-13,14,H,{,
ޓ,ԏ˂炢,,,011011,kC,Dys,R𐼂T,2018-04-02,15,H,{,
ޓ,ԏ˂炢,,,011011,kC,Dys,R𐼂T,2018-06-12,14,ԁiցj,{,
ޓ,ԏ˂炢,,,011011,kC,Dys,S𐼂P,2018-10-23,16,H,{,
ޓ,ԏ˂炢,,,011011,kC,Dys,S𐼂T,2018-09-10,14,H,{,
ޓ,ԏ˂炢,,DywO,011011,kC,Dys,kR𐼂S,2018-06-19,06,H,{,
ޓ,ԏ˂炢,,DywO,011011,kC,Dys,kS𐼂P,2018-11-27,11,H,{,
ޓ,ԏ˂炢,,DywO,011011,kC,Dys,kS𐼂Q,2018-10-05,09,H,{,
ޓ,ԏ˂炢,,DywO,011011,kC,Dys,kS𐼂S,2018-06-17,09,H,{,
ޓ,ԏ˂炢,,,011011,kC,Dys,ʐP,2018-06-11,06,H,{,Ȃ
ޓ,ԏ˂炢,,,011011,kC,Dys,ʐP,2018-09-19,08,H,{,
ޓ,ԏ˂炢,,,011011,kC,Dys,ʐT,2018-08-17,08,̑,{,
ޓ,ԏ˂炢,,,011011,kC,Dys,P𐼂Q,2017-11-23,11,H,{,Ȃ
ޓ,ԏ˂炢,,,011011,kC,Dys,R𓌂Q,2018-04-13,09,̑,{,
ޓ,ԏ˂炢,,O,011011,kC,Dys,ʐU,2018-06-11,10,H,{,
ޓ,ԏ˂炢,,O,011011,kC,Dys,ʐV,2018-08-20,19,H,{,
ޓ,ԏ˂炢,,O,011011,kC,Dys,ʐV,2018-08-27,09,H,{,
ޓ,ԏ˂炢,,O,011011,kC,Dys,ʐPO,2018-06-16,11,H,{,Ȃ
ޓ,ԏ˂炢,,O,011011,kC,Dys,P𐼂X,2018-06-11,08,H,{,Ȃ
ޓ,ԏ˂炢,,O,011011,kC,Dys,Q𐼂PO,2018-07-02,14,H,{,
ޓ,ԏ˂炢,,O,011011,kC,Dys,R𐼂W,2018-08-07,08,ԁiցj,{,Ȃ
ޓ,ԏ˂炢,,O,011011,kC,Dys,U𐼂W,2018-03-04,17,H,{,
ޓ,ԏ˂炢,,O,011011,kC,Dys,U𐼂W,2018-05-30,21,H,{,
ޓ,ԏ˂炢,,k,011011,kC,Dys,ʐPP,2018-08-14,10,H,{,
ޓ,ԏ˂炢,,k,011011,kC,Dys,ʐPU,2018-06-21,13,H,{,
ޓ,ԏ˂炢,,K,011011,kC,Dys,PS𐼂PU,2018-04-05,19,H,{,Ȃ
ޓ,ԏ˂炢,,K,011011,kC,Dys,kS𐼂QO,2018-11-22,20,H,{,
ޓ,ԏ˂炢,,k,011011,kC,Dys,kP𓌂V,2018-06-02,14,H,{,
ޓ,ԏ˂炢,,,011045,kC,Dys΋,e㒬RQ,2018-09-12,16,ԁiցj,{,Ȃ
ޓ,ԏ˂炢,,e,011045,kC,Dys΋,ePS,2018-04-27,20,ԁiցj,{,
ޓ,ԏ˂炢,,e,011045,kC,Dys΋,eQQ,2018-08-31,23,H,{,
ޓ,ԏ˂炢,,e,011045,kC,Dys΋,eRT,2018-09-16,21,ԁiցj,{,Ȃ
ޓ,ԏ˂炢,,Β,011045,kC,Dys΋,PR,2018-09-11,17,̑̏ZiRKĈȉZj,{,
ޓ,ԏ˂炢,,Β,011045,kC,Dys΋,싽ʂPږk,2018-04-26,16,SKĈȏ㋤Z,{,Ȃ
ޓ,ԏ˂炢,,Β,011045,kC,Dys΋,{ʂQږk,2018-09-18,16,ԁiցj,{,
ޓ,ԏ˂炢,,k,011045,kC,Dys΋,kQR,2018-01-18,15,H,{,
ޓ,ԏ˂炢,,k,011045,kC,Dys΋,kSW,2018-02-28,23,ԁiցj,{,
ޓ,ԏ˂炢,,k,011045,kC,Dys΋,kWS,2018-05-15,15,ԁiցj,{,Ȃ
ޓ,ԏ˂炢,,싽,011045,kC,Dys΋,싽ʂPOړ,2018-09-19,17,ˌZ,{,
ޓ,ԏ˂炢,,싽,011045,kC,Dys΋,싽ʂPږk,2018-06-21,13,H,{,
ޓ,ԏ˂炢,,싽,011045,kC,Dys΋,싽ʂWږk,2018-03-14,01,H,{,Ȃ
ޓ,ԏ˂炢,,싽,011045,kC,Dys΋,{ʂRړ,2018-09-27,01,H,{,Ȃ
ޓ,ԏ˂炢,,,011045,kC,Dys΋,hʂPV,2018-06-26,21,SKĈȏ㋤Z,{,Ȃ
ޓ,ԏ˂炢,,,011045,kC,Dys΋,싽ʂPUړ,2018-10-03,17,SKĈȏ㋤Z,{,
ޓ,ԏ˂炢,,,011045,kC,Dys΋,싽ʂPWړ,2018-08-29,19,H,{,
ޓ,ԏ˂炢,,,011045,kC,Dys΋,aʂPVږk,2018-10-11,16,̑,{,
ޓ,ԏ˂炢,,,011045,kC,Dys΋,{ʂPOړ,2018-01-29,19,ˌZ,{,Ȃ
ޓ,ԏ˂炢,,ks,011045,kC,Dys΋,kRR,2018-04-18,17,̑,{,Ȃ
ޓ,ԏ˂炢,,e,011045,kC,Dys΋,eVP,2018-09-12,09,H,{,
ޓ,ԏ˂炢,,e,011045,kC,Dys΋,ePOP,2018-02-15,19,H,{,
ޓ,ԏ˂炢,,ՎwO,011070,kC,Dys,Q𓌂T,2018-01-25,16,ˌZ,{,Ȃ
ޓ,ԏ˂炢,,ՎwO,011070,kC,Dys,R𐼂T,2018-07-19,21,ԁiցj,{,
ޓ,ԏ˂炢,,ՎwO,011070,kC,Dys,T𓌂S,2018-04-19,17,ˌZ,{,Ȃ
ޓ,ԏ˂炢,,ՎwO,011070,kC,Dys,PO𓌂R,2018-04-22,16,ˌZ,{,Ȃ
ޓ,ԏ˂炢,,Վ{,011070,kC,Dys,,2018-10-26,17,̑,{,
ޓ,ԏ˂炢,,~R,011011,kC,Dys,ʐQQ,2018-04-24,19,̑,{,Ȃ
ޓ,ԏ˂炢,,{̐X,011011,kC,Dys,kR𐼂RO,2018-10-05,22,ˌZ,{,Ȃ
ޓ,ԏ˂炢,,,011070,kC,Dys,SQ,2018-10-08,18,ԁiցj,{,Ȃ
ޓ,ԏ˂炢,,,011070,kC,Dys,PPP,2018-06-15,13,̑,{,Ȃ
ޓ,ԏ˂炢,,SHcn,011070,kC,Dys,PRR,2018-11-21,19,H,{,Ȃ
ޓ,ԏ˂炢,,SHcn,011070,kC,Dys,PRS,2017-08-21,17,̑,{,
ޓ,ԏ˂炢,,SHcn,011070,kC,Dys,PRS,2018-05-27,14,̑,{,Ȃ
ޓ,ԏ˂炢,,,011070,kC,Dys,RR,2018-06-25,15,̑,{,Ȃ
ޓ,ԏ˂炢,,,011070,kC,Dys,kW,2018-07-08,14,ԁiցj,{,
ޓ,ԏ˂炢,,,011070,kC,Dys,kPQ,2018-11-10,15,H,{,Ȃ
ޓ,ԏ˂炢,,,011070,kC,Dys,{̑PP,2018-03-11,16,ԁiցj,{,Ȃ
ޓ,ԏ˂炢,,,011070,kC,Dys,{̑PT,2018-11-09,14,H,{,
ޓ,ԏ˂炢,,,011070,kC,Dys,{̑RS,2018-11-16,08,H,{,
ޓ,ԏ˂炢,,,011070,kC,Dys,UP,2018-01-08,23,ˌZ,{,
ޓ,ԏ˂炢,,,,,,,2018-11-16,07,̑,{,
ޓ,ԏ˂炢,,k\O,011037,kC,Dys,kPO𓌂R,2018-10-05,19,̑̏ZiRKĈȉZj,{,
ޓ,ԏ˂炢,,k\O,011037,kC,Dys,kPV𓌂V,2018-09-07,12,SKĈȏ㋤Z,{,
ޓ,ԏ˂炢,,k\O,011037,kC,Dys,kPX𓌂R,2018-09-13,20,SKĈȏ㋤Z,{,
ޓ,ԏ˂炢,,k\,011037,kC,Dys,kPP𓌂X,2018-05-10,16,ԁiցj,{,
ޓ,ԏ˂炢,,k\,011037,kC,Dys,kQO𓌂PV,2018-10-13,10,H,{,
ޓ,ԏ˂炢,,h,011037,kC,Dys,kTO𓌂Q,2018-07-20,19,H,{,
ޓ,ԏ˂炢,,k\Z,011037,kC,Dys,kQO𓌂W,2018-10-01,18,H,{,
ޓ,ԏ˂炢,,k\Z,011037,kC,Dys,kQQ𓌂W,2018-09-10,15,H,{,
ޓ,ԏ˂炢,,k\Z,011037,kC,Dys,kQR𓌂P,2018-02-05,14,̑,{,
ޓ,ԏ˂炢,,,011037,kC,Dys,kQP𓌂PQ,2018-09-26,21,SKĈȏ㋤Z,{,Ȃ
ޓ,ԏ˂炢,,,011037,kC,Dys,kQQ𓌂PR,2018-04-03,12,H,{,
ޓ,ԏ˂炢,,,011037,kC,Dys,kQQ𓌂PS,2018-05-31,09,H,{,
ޓ,ԏ˂炢,,,011037,kC,Dys,kQR𓌂PS,2018-10-01,15,H,{,Ȃ
ޓ,ԏ˂炢,,,011037,kC,Dys,kQS𓌂QP,2018-01-02,10,̑,{,Ȃ
ޓ,ԏ˂炢,,,011037,kC,Dys,kQV𓌂PQ,2018-07-24,12,H,{,
ޓ,ԏ˂炢,,,011037,kC,Dys,kQW𓌂PX,2018-09-27,01,H,{,Ȃ
ޓ,ԏ˂炢,,,011037,kC,Dys,kQW𓌂QP,2018-09-26,21,H,{,Ȃ
ޓ,ԏ˂炢,,,011037,kC,Dys,kRP𓌂PO,2018-10-10,19,H,{,
ޓ,ԏ˂炢,,c,011037,kC,Dys,cQR,2018-09-20,18,ԁiցj,{,
ޓ,ԏ˂炢,,c,011037,kC,Dys,cPSS,2018-06-21,22,ˌZ,{,
ޓ,ԏ˂炢,,c,011037,kC,Dys,ÂWT,2018-04-24,08,ԁiցj,{,Ȃ
ޓ,ԏ˂炢,,c,011037,kC,Dys,嗈QP,2018-08-28,20,ԁiցj,{,
ޓ,ԏ˂炢,,u,011037,kC,Dys,kRV𓌂QQ,2018-10-20,08,H,{,
ޓ,ԏ˂炢,,u,011037,kC,Dys,h,2018-01-27,14,ԁiցj,{,Ȃ
ޓ,ԏ˂炢,,u,011037,kC,Dys,kuTP,2018-11-11,13,̑̏ZiRKĈȉZj,{,Ȃ
ޓ,ԏ˂炢,,h,011037,kC,Dys,kRW𓌂X,2018-06-02,15,̑,{,Ȃ
ޓ,ԏ˂炢,,h,011037,kC,Dys,kRX𓌂PO,2018-05-22,10,H,{,
ޓ,ԏ˂炢,,h,011037,kC,Dys,kRX𓌂PT,2018-10-29,19,ԁiցj,{,Ȃ
ޓ,ԏ˂炢,,h,011037,kC,Dys,kSU𓌂W,2018-06-11,20,ԁiցj,{,
ޓ,ԏ˂炢,,h,011037,kC,Dys,kSU𓌂PQ,2018-07-10,14,̑̏ZiRKĈȉZj,{,
ޓ,ԏ˂炢,,Dc,011037,kC,Dys,cPPR,2018-02-08,18,ˌZ,{,Ȃ
ޓ,ԏ˂炢,],wO,012173,kC,]ʎs,,2018-11-17,17,H,{,
ޓ,ԏ˂炢,],wO,012173,kC,]ʎs,,2018-02-22,22,ԁiցj,{,
ޓ,ԏ˂炢,],y,012173,kC,]ʎs,K,2018-09-19,18,ˌZ,{,
ޓ,ԏ˂炢,],y,012173,kC,]ʎs,y,2018-07-29,14,ԁiցj,{,Ȃ
ޓ,ԏ˂炢,],y,012173,kC,]ʎs,y,2018-04-02,11,ԁiցj,{,Ȃ
ޓ,ԏ˂炢,],y,012173,kC,]ʎs,yԓc,2018-09-20,23,ˌZ,{,
ޓ,ԏ˂炢,],y,012173,kC,]ʎs,Vh,2018-04-07,17,H,{,Ȃ
ޓ,ԏ˂炢,],喃,012173,kC,]ʎs,喃h,2018-01-13,15,H,{,
ޓ,ԏ˂炢,],喃,012173,kC,]ʎs,喃,2018-09-17,18,ˌZ,{,
ޓ,ԏ˂炢,],喃,012173,kC,]ʎs,喃k,2018-09-27,10,ԁiցj,{,
ޓ,ԏ˂炢,],,012173,kC,]ʎs,,2018-06-12,01,̑̏ZiRKĈȉZj,{,
ޓ,ԏ˂炢,],,012173,kC,]ʎs,,2018-10-20,11,̑,{,
ޓ,ԏ˂炢,,,012246,kC,Ύs,,2018-06-10,s,̑,{,Ȃ
ޓ,ԏ˂炢,,wO,012246,kC,Ύs,KS,2018-08-08,23,ԁiցj,{,Ȃ
ޓ,ԏ˂炢,,wO,012246,kC,Ύs,LT,2018-06-01,17,ˌZ,{,
ޓ,ԏ˂炢,,wO,012246,kC,Ύs,S,2018-03-30,20,ԁiցj,{,
ޓ,ԏ˂炢,,wO,012246,kC,Ύs,T,2018-08-02,15,̑,{,Ȃ
ޓ,ԏ˂炢,,Vx,012246,kC,Ύs,kMZ,2018-01-24,11,ԁiցj,{,
ޓ,ԏ˂炢,,Vx,012246,kC,Ύs,MZP,2018-09-01,15,ԁiցj,{,
ޓ,ԏ˂炢,,Vx,012246,kC,Ύs,MZS,2018-08-26,23,ԁiցj,{,
ޓ,ԏ˂炢,,Vx,012246,kC,Ύs,klP,2018-06-28,19,ԁiցj,{,Ȃ
ޓ,ԏ˂炢,,Vx,012246,kC,Ύs,klP,2018-10-16,21,ԁiցj,{,
ޓ,ԏ˂炢,,Vx,012246,kC,Ύs,klS,2018-06-18,22,ԁiցj,{,
ޓ,ԏ˂炢,,Vx,012246,kC,Ύs,kzP,2018-01-30,08,ԁiցj,{,
ޓ,ԏ˂炢,,Vx,012246,kC,Ύs,݂ǂkQ,2018-01-26,13,ԁiցj,{,
ޓ,ԏ˂炢,,{,012246,kC,Ύs,ђR,2018-01-31,09,H,{,
ޓ,ԏ˂炢,,{,012246,kC,Ύs,ђS,2018-02-01,07,ԁiցj,{,Ȃ
ޓ,ԏ˂炢,,,012246,kC,Ύs,,2018-09-07,22,ˌZ,{,
ޓ,ԏ˂炢,,b,012319,kC,bs,LR,2018-06-25,00,ԁiցj,{,Ȃ
ޓ,ԏ˂炢,,b,012319,kC,bs,S,2018-11-12,21,ԁiցj,{,
ޓ,ԏ˂炢,,b,012319,kC,bs,zP,2018-09-20,18,H,{,
ޓ,ԏ˂炢,,b,012319,kC,bs,zR,2018-01-18,18,ԁiցj,{,
ޓ,ԏ˂炢,,bݖ,012319,kC,bs,bݖP,2018-08-02,15,ԁiցj,{,
ޓ,ԏ˂炢,,bݖ,012319,kC,bs,bݖkS,2018-08-29,14,̑,{,Ȃ
ޓ,ԏ˂炢,,bݖ,012319,kC,bs,bݖkT,2018-07-06,14,H,{,Ȃ
ޓ,ԏ˂炢,,Zg,012246,kC,Ύs,tU,2018-11-12,17,̑,{,Ȃ
ޓ,ԏ˂炢,,Zg,012246,kC,Ύs,R,2018-11-06,08,H,{,
ޓ,ԏ˂炢,,Zg,012246,kC,Ύs,ZgR,2018-05-21,22,H,{,
ޓ,ԏ˂炢,,Zg,012246,kC,Ύs,ZgS,2018-05-21,22,ԁiցj,{,
ޓ,ԏ˂炢,,Zg,012246,kC,Ύs,퐶Q,2018-06-02,20,̑̏ZiRKĈȉZj,{,
ޓ,ԏ˂炢,,Zg,012246,kC,Ύs,P,2018-11-27,15,̑,{,
ޓ,ԏ˂炢,,bwO,012319,kC,bs,ΒP,2018-06-15,16,H,{,
ޓ,ԏ˂炢,〈,wO,012106,kC,〈s,X𐼂V,2018-10-27,06,ԁiցj,{,
ޓ,ԏ˂炢,〈,,012106,kC,〈s,R𓌂PP,2018-04-14,11,ԁiցj,{,
ޓ,ԏ˂炢,〈,I,012106,kC,〈s,I򒬗R,2018-07-06,19,ˌZ,{,
ޓ,ԏ˂炢,〈,u,012106,kC,〈s,ӂQS,2018-10-26,17,H,{,Ȃ
ޓ,ԏ˂炢,〈,,012106,kC,〈s,쒬XQ,2018-06-16,22,ԁiցj,{,
ޓ,ԏ˂炢,〈,O}x@,012220,kC,O}s,R,2018-04-21,11,ԁiցj,{,Ȃ
ޓ,ԏ˂炢,〈,O}x@,012220,kC,O}s,璬,2018-08-31,13,ˌZ,{,Ȃ
ޓ,ԏ˂炢,〈,O}x@,012220,kC,O}s,ᏼ,2018-08-15,16,H,{,
ޓ,ԏ˂炢,〈,R,012220,kC,O}s,R,2018-03-13,15,̑,{,
ޓ,ԏ˂炢,〈,R,012220,kC,O}s,R,2018-10-26,07,̑,{,
ޓ,ԏ˂炢,IR,wO,014290,kC,IR,xm,2018-09-22,10,̑,{,Ȃ
ޓ,ԏ˂炢,IR,O,014273,kC,Rm,O숮,2018-05-21,18,ˌZ,{,Ȃ
ޓ,ԏ˂炢,IR,,014281,kC,,S,2018-12-08,18,ˌZ,{,Ȃ
ޓ,ԏ˂炢,IR,,014281,kC,,Tk,2018-09-16,12,ԁiցj,{,Ȃ
ޓ,ԏ˂炢,IR,,014281,kC,,,2017-08-13,13,̑,{,
ޓ,ԏ˂炢,IR,,014281,kC,,,2018-09-18,19,ˌZ,{,
ޓ,ԏ˂炢,IR,,014281,kC,,P,2018-11-15,13,H,{,Ȃ
ޓ,ԏ˂炢,IR,쒷,014281,kC,,P,2018-12-08,22,ˌZ,{,
ޓ,ԏ˂炢,IR,쒷,014281,kC,,V,2018-11-15,12,̑,{,Ȃ
ޓ,ԏ˂炢,IR,y,014231,kC,y,P,2018-03-31,08,ԁiցj,{,Ȃ
ޓ,ԏ˂炢,IR,y,014231,kC,y,P,2018-11-10,21,ˌZ,{,Ȃ
ޓ,ԏ˂炢,IR,,012092,kC,[s,LQ,2018-07-12,13,̑,{,
ޓ,ԏ˂炢,S,wO,012157,kC,Ss,QkV,2018-11-15,18,ˌZ,{,
ޓ,ԏ˂炢,S,wO,012157,kC,Ss,QQ,2018-07-09,00,ԁiցj,{,
ޓ,ԏ˂炢,S,wO,012157,kC,Ss,RkR,2018-04-11,11,̑,{,Ȃ
ޓ,ԏ˂炢,S,wO,012157,kC,Ss,SkT,2018-02-26,06,̑,{,
ޓ,ԏ˂炢,S,wO,012157,kC,Ss,TkP,2018-03-23,13,ԁiցj,{,Ȃ
ޓ,ԏ˂炢,S,wO,012157,kC,Ss,SʂR,2018-05-08,20,ˌZ,{,Ȃ
ޓ,ԏ˂炢,S,,012157,kC,Ss,,2018-01-10,17,ԁiցj,{,
ޓ,ԏ˂炢,S,,012157,kC,Ss,LQ,2018-11-15,21,ˌZ,{,Ȃ
ޓ,ԏ˂炢,,wO,012262,kC,s,PPP,2018-02-13,16,ԁiցj,{,
ޓ,ԏ˂炢,,wO,012262,kC,s,RPO,2018-01-19,19,ˌZ,{,
ޓ,ԏ˂炢,,wO,012262,kC,s,gPW,2018-01-19,23,ˌZ,{,
ޓ,ԏ˂炢,,m,012262,kC,s,mQQ,2018-01-10,16,ԁiցj,{,
ޓ,ԏ˂炢,,ވ],014249,kC,ވ],ވ],2018-07-02,15,̑,{,Ȃ
ޓ,ԏ˂炢,,_,012254,kC,s,V,2018-10-25,16,H,{,
ޓ,ԏ˂炢,,,012254,kC,s,P,2018-11-28,15,ˌZ,{,
ޓ,ԏ˂炢,,,012254,kC,s,KQ,2018-05-13,17,̑̏ZiRKĈȉZj,{,
ޓ,ԏ˂炢,M,,,,,,2017-12-05,17,̑,{,Ȃ
ޓ,ԏ˂炢,M,MwO,012033,kC,Ms,T,2018-06-02,11,̑,{,Ȃ
ޓ,ԏ˂炢,M,ԉ,012033,kC,Ms,ԉT,2018-05-23,18,̑,{,Ȃ
ޓ,ԏ˂炢,M,ŏ,012033,kC,Ms,DP,2018-12-04,18,̑,{,
ޓ,ԏ˂炢,M,ŏ,012033,kC,Ms,P}P,2018-08-19,15,ˌZ,{,
ޓ,ԏ˂炢,M,ᏼ,012033,kC,Ms,Ly,2018-09-22,11,̑,{,Ȃ
ޓ,ԏ˂炢,M,,012033,kC,Ms,S,2018-05-25,15,ˌZ,{,
ޓ,ԏ˂炢,M,,012033,kC,Ms,R,2018-07-24,18,ˌZ,{,
ޓ,ԏ˂炢,M,,012033,kC,Ms,쉷Q,2018-03-31,09,̑,{,
ޓ,ԏ˂炢,M,J,012033,kC,Ms,JP,2018-08-10,22,ԁiցj,{,Ȃ
ޓ,ԏ˂炢,M,J,012033,kC,Ms,JP,2018-08-10,22,ԁiցj,{,Ȃ
ޓ,ԏ˂炢,]s,wO,014087,kC,]s,쒬PS,2018-03-06,17,ˌZ,{,
ޓ,ԏ˂炢,]s,wO,014087,kC,]s,쒬PT,2018-08-28,07,ˌZ,{,Ȃ
ޓ,ԏ˂炢,]s,wO,014087,kC,]s,쒬PV,2018-08-28,19,ԁiցj,{,Ȃ
ޓ,ԏ˂炢,]s,wO,014087,kC,]s,쒬PX,2018-08-28,17,ˌZ,{,Ȃ
ޓ,ԏ˂炢,]s,wO,014087,kC,]s,쒬,2018-08-26,20,ˌZ,{,Ȃ
ޓ,ԏ˂炢,]s,,014087,kC,]s,~쒬,2018-10-28,12,ԁiցj,{,Ȃ
ޓ,ԏ˂炢,]s,,014087,kC,]s,x򒬂W,2018-04-12,13,ԁiցj,{,Ȃ
ޓ,ԏ˂炢,]s,,014087,kC,]s,`,2018-08-03,13,ˌZ,{,
ޓ,ԏ˂炢,]s,,014052,kC,ϒO,厚D,2018-03-14,16,H,{,
ޓ,ԏ˂炢,m,jZR,013951,kC,jZR,L,2018-09-17,12,ˌZ,{,
ޓ,ԏ˂炢,m,z,013943,kC,z,L,2018-08-29,05,̑,{,Ȃ
ޓ,ԏ˂炢,m,Ε,013986,kC,Εʒ,Ε,2018-02-16,20,ˌZ,{,Ȃ
ޓ,ԏ˂炢,m,Ε,013986,kC,Εʒ,h,2018-10-01,20,ˌZ,{,Ȃ
ޓ,ԏ˂炢,m,s,013978,kC,s,s,2018-10-01,21,̑,{,Ȃ
ޓ,ԏ˂炢,,}vU,014028,kC,,쑩,2018-03-24,09,ԁiցj,{,
ޓ,ԏ˂炢,,}vU,014028,kC,,R,2018-09-28,11,ˌZ,{,
ޓ,ԏ˂炢,,}vU,014028,kC,,,2018-12-11,00,̑,{,
ޓ,ԏ˂炢,,,014010,kC,a,VÔ,2018-03-12,17,H,{,Ȃ
ޓ,ԏ˂炢,,_b,014044,kC,_b,厚_bl,2018-03-19,20,H,{,Ȃ
ޓ,ԏ˂炢,ɒB,,012335,kC,ɒBs,kH{,2018-05-07,12,̑,{,
ޓ,ԏ˂炢,ɒB,c,015849,kC,Β,],2018-06-12,20,ԁiցj,{,
ޓ,ԏ˂炢,ɒB,c,015849,kC,Β,{,2018-03-02,21,ˌZ,{,
ޓ,ԏ˂炢,ɒB,~{,012335,kC,ɒBs,M,2017-12-31,17,ԁiցj,{,
ޓ,ԏ˂炢,ɒB,~{,012335,kC,ɒBs,,2018-01-21,17,̑,{,Ȃ
ޓ,ԏ˂炢,ɒB,~{,012335,kC,ɒBs,M,2018-10-12,20,̑,{,Ȃ
ޓ,ԏ˂炢,,wO,012050,kC,s,P,2018-04-28,13,H,{,
ޓ,ԏ˂炢,,wO,012050,kC,s,Q,2018-04-28,09,ԁiցj,{,
ޓ,ԏ˂炢,,,012050,kC,s,Q,2018-06-11,16,H,{,Ȃ
ޓ,ԏ˂炢,,,012050,kC,s,R,2018-06-15,20,̑,{,
ޓ,ԏ˂炢,,,012050,kC,s,Q,2018-03-23,08,H,{,
ޓ,ԏ˂炢,,,012050,kC,s,Q,2018-06-02,15,ˌZ,{,Ȃ
ޓ,ԏ˂炢,,,012050,kC,s,S,2018-06-01,21,ԁiցj,{,Ȃ
ޓ,ԏ˂炢,,,012050,kC,s,T,2018-07-12,18,ˌZ,{,
ޓ,ԏ˂炢,,V,012301,kC,oʎs,VQ,2018-07-08,20,SKĈȏ㋤Z,{,
ޓ,ԏ˂炢,,o,012301,kC,oʎs,БqS,2018-01-15,14,ˌZ,{,
ޓ,ԏ˂炢,,o,012301,kC,oʎs,xmU,2018-08-27,10,ˌZ,{,
ޓ,ԏ˂炢,,o,012301,kC,oʎs,yʒU,2018-11-10,22,ˌZ,{,
ޓ,ԏ˂炢,,,012050,kC,s,Q,2018-01-19,17,ԁiցj,{,
ޓ,ԏ˂炢,,,012050,kC,s,R,2018-12-07,18,ԁiցj,{,
ޓ,ԏ˂炢,Ϗq,wO,012131,kC,Ϗqs,R,2018-05-23,17,ˌZ,{,
ޓ,ԏ˂炢,Ϗq,wO,012131,kC,Ϗqs,V쒬Q,2018-07-06,21,ˌZ,{,
ޓ,ԏ˂炢,Ϗq,{,012131,kC,Ϗqs,ђQ,2018-08-29,03,H,{,Ȃ
ޓ,ԏ˂炢,Ϗq,퐶,012131,kC,Ϗqs,㒬P,2018-10-02,17,ԁiցj,{,
ޓ,ԏ˂炢,Ϗq,퐶,012131,kC,Ϗqs,퐶Q,2018-08-07,06,ԁiցj,{,
ޓ,ԏ˂炢,Ϗq,ot,012131,kC,Ϗqs,HP,2018-02-07,17,ԁiցj,{,
ޓ,ԏ˂炢,Ϗq,ot,012131,kC,Ϗqs,HQ,2018-08-27,13,H,{,
ޓ,ԏ˂炢,Ϗq,R,012131,kC,Ϗqs,,2018-10-11,12,ԁiցj,{,
ޓ,ԏ˂炢,Ϗq,m[,012131,kC,Ϗqs,DP,2018-08-16,09,ԁiցj,{,
ޓ,ԏ˂炢,Ϗq,щ,012131,kC,Ϗqs,щ,2018-05-23,07,̑,{,
ޓ,ԏ˂炢,Ϗq,Ǖ,015857,kC,,ǕԉQ,2018-01-17,15,ԁiցj,{,Ȃ
ޓ,ԏ˂炢,Ϗq,,015865,kC,ނ풬,匴Q,2018-01-09,16,ԁiցj,{,
ޓ,ԏ˂炢,Ϗq,^,015814,kC,^,,2018-01-09,17,H,{,
ޓ,ԏ˂炢,Ϗq,^,015814,kC,^,^,2018-01-09,17,ԁiցj,{,
ޓ,ԏ˂炢,Ϗq,V,015784,kC,V,T,2018-01-23,12,ˌZ,{,
ޓ,ԏ˂炢,Ϗq,,012131,kC,Ϗqs,S,2018-11-02,20,ԁiցj,{,
ޓ,ԏ˂炢,Ϗq,,012131,kC,Ϗqs,VS,2018-06-05,16,̑̏ZiRKĈȉZj,{,
ޓ,ԏ˂炢,Ϗq,,012131,kC,Ϗqs,VJQ,2018-01-11,06,ԁiցj,{,Ȃ
ޓ,ԏ˂炢,Ϗq,,012131,kC,Ϗqs,VJR,2018-10-08,17,ԁiցj,{,Ȃ
ޓ,ԏ˂炢,Ϗq,,012131,kC,Ϗqs,VJS,2018-11-14,16,ԁiցj,{,Ȃ
ޓ,ԏ˂炢,Ϗq,,012131,kC,Ϗqs,LQ,2018-11-26,13,ԁiցj,{,
ޓ,ԏ˂炢,Ϗq,,012131,kC,Ϗqs,,2018-11-13,16,ԁiցj,{,Ȃ
ޓ,ԏ˂炢,Ϗq,,012131,kC,Ϗqs,ؒR,2018-08-06,17,ԁiցj,{,
ޓ,ԏ˂炢,Ϗq,,012131,kC,Ϗqs,炩ΒP,2018-04-14,12,ԁiցj,{,Ȃ
ޓ,ԏ˂炢,Ϗq,,012131,kC,Ϗqs,炩ΒU,2018-05-08,18,H,{,
ޓ,ԏ˂炢,Ϗq,,012131,kC,Ϗqs,R,2018-05-06,15,ԁiցj,{,Ȃ
ޓ,ԏ˂炢,Ϗq,Տl,015784,kC,V,Տl,2018-11-07,17,ˌZ,{,
ޓ,ԏ˂炢,Ϗq,؏,012131,kC,Ϗqs,؏꒬P,2018-06-03,14,ԁiցj,{,Ȃ
ޓ,ԏ˂炢,Ϗq,؏,012131,kC,Ϗqs,؏꒬Q,2018-05-15,21,ԁiցj,{,
ޓ,ԏ˂炢,Ϗq,؏,012131,kC,Ϗqs,ΒQ,2018-06-06,13,H,{,
ޓ,ԏ˂炢,Ϗq,m[k,012131,kC,Ϗqs,ET,2018-10-05,23,̑,{,
ޓ,ԏ˂炢,Ϗq,m[k,012131,kC,Ϗqs,EU,2018-07-06,18,ˌZ,{,
ޓ,ԏ˂炢,Ϗq,m[k,012131,kC,Ϗqs,ET,2018-08-13,12,ԁiցj,{,
ޓ,ԏ˂炢,Ϗq,m[k,012131,kC,Ϗqs,EW,2018-12-15,19,ԁiցj,{,
ޓ,ԏ˂炢,Ϗq,m[k,012131,kC,Ϗqs,khP,2018-10-02,22,̑,{,Ȃ
ޓ,ԏ˂炢,,,016021,kC,撬,񕗒J,2018-11-30,23,̑̏ZiRKĈȉZj,{,Ȃ
ޓ,ԏ˂炢,Ó,wO,016101,kC,VЂ,Óu,2018-02-24,18,ˌZ,{,
ޓ,ԏ˂炢,Ó,Ó,016101,kC,VЂ,Ó,2018-03-21,13,̑,{,
ޓ,ԏ˂炢,Y,䒬,016071,kC,Y͒,l,2018-12-10,11,ԁiցj,{,
ޓ,ԏ˂炢,,,,,,,2018-07-19,13,̑,{,Ȃ
ޓ,ԏ˂炢,,,011011,kC,Dys,X𐼂PQ,2018-09-18,15,̑̏ZiRKĈȉZj,{,
ޓ,ԏ˂炢,,,011011,kC,Dys,PO𐼂W,2018-09-27,22,SKĈȏ㋤Z,{,
ޓ,ԏ˂炢,,,011011,kC,Dys,PP𐼂PP,2018-07-09,12,̑,{,
ޓ,ԏ˂炢,,,011061,kC,Dys,쉈PUP,2018-07-22,18,̑̏ZiRKĈȉZj,{,
ޓ,ԏ˂炢,,,011061,kC,Dys,TS,2018-05-05,14,̑̏ZiRKĈȉZj,{,
ޓ,ԏ˂炢,,,011011,kC,Dys,QP𐼂PU,2018-07-02,19,H,{,
ޓ,ԏ˂炢,,Rk,011061,kC,Dys,Rk,2018-02-13,10,ԁiցj,{,Ȃ
ޓ,ԏ˂炢,,ΎR,011061,kC,Dys,ΎRQR,2018-09-23,15,̑̏ZiRKĈȉZj,{,
ޓ,ԏ˂炢,,ΎR,011061,kC,Dys,ΎRQ,2018-05-07,08,ˌZ,{,
ޓ,ԏ˂炢,,,011061,kC,Dys,QPP,2018-05-03,17,ˌZ,{,
ޓ,ԏ˂炢,,,011061,kC,Dys,SQ,2018-05-12,18,ˌZ,{,Ȃ
ޓ,ԏ˂炢,,,011061,kC,Dys,US,2018-05-12,16,ˌZ,{,Ȃ
ޓ,ԏ˂炢,,,011061,kC,Dys,RP,2018-09-28,14,̑,{,
ޓ,ԏ˂炢,k,Dywk,011029,kC,Dysk,kV𐼂U,2018-10-14,20,ԁiցj,{,Ȃ
ޓ,ԏ˂炢,k,Dywk,011029,kC,Dysk,kPR𐼂R,2018-04-21,19,̑,{,Ȃ
ޓ,ԏ˂炢,k,Dywk,011029,kC,Dysk,kPV𐼂T,2018-10-14,00,H,{,
ޓ,ԏ˂炢,k,Dywk,011029,kC,Dysk,kPV𐼂W,2018-06-17,18,SKĈȏ㋤Z,{,
ޓ,ԏ˂炢,k,k\,011029,kC,Dysk,kV𐼂W,2018-06-05,01,SKĈȏ㋤Z,{,
ޓ,ԏ˂炢,k,k\,011029,kC,Dysk,kPW𐼂U,2018-05-29,20,SKĈȏ㋤Z,{,
ޓ,ԏ˂炢,k,k\,011029,kC,Dysk,kPX𐼂S,2018-05-29,13,H,{,
ޓ,ԏ˂炢,k,k\,011029,kC,Dysk,kQO𐼂Q,2018-10-31,15,SKĈȏ㋤Z,{,
ޓ,ԏ˂炢,k,VՎ,011029,kC,Dysk,VՎ,2018-03-19,14,ԁiցj,{,
ޓ,ԏ˂炢,k,VՎ,011029,kC,Dysk,VՎPQ,2018-05-12,17,H,{,Ȃ
ޓ,ԏ˂炢,k,VՎ,011029,kC,Dysk,VՎWPO,2018-05-15,12,ԁiցj,{,Ȃ
ޓ,ԏ˂炢,k,VՎ,011029,kC,Dysk,VՎXPT,2018-07-28,13,H,{,
ޓ,ԏ˂炢,k,VՎ,011029,kC,Dysk,VՎPPS,2018-05-21,15,H,{,
ޓ,ԏ˂炢,k,kO\,011029,kC,Dysk,kQT𐼂T,2018-05-10,12,H,{,
ޓ,ԏ˂炢,k,kO\,011029,kC,Dysk,kQV𐼂T,2018-10-23,14,SKĈȏ㋤Z,{,
ޓ,ԏ˂炢,k,kO\,011029,kC,Dysk,kQV𐼂X,2018-10-02,18,̑̏ZiRKĈȉZj,{,Ȃ
ޓ,ԏ˂炢,k,kO\,011029,kC,Dysk,kQW𐼂U,2018-06-14,10,H,{,Ȃ
ޓ,ԏ˂炢,k,V,011029,kC,Dysk,kQV𐼂PU,2018-07-15,07,ԁiցj,{,
ޓ,ԏ˂炢,k,H,011029,kC,Dysk,HRS,2018-04-25,11,ԁiցj,{,
ޓ,ԏ˂炢,k,H,011029,kC,Dysk,HST,2018-04-02,15,̑,{,
ޓ,ԏ˂炢,k,H,011029,kC,Dysk,Hk,2018-11-04,16,̑,{,Ȃ
ޓ,ԏ˂炢,k,Ԑ,012351,kC,Ύs,ԐPR,2018-06-02,14,H,{,
ޓ,ԏ˂炢,k,Ԑ,012351,kC,Ύs,ԐRS,2018-08-09,09,H,{,Ȃ
ޓ,ԏ˂炢,k,Ԑ,012351,kC,Ύs,ԐXP,2018-02-13,00,ˌZ,{,Ȃ
ޓ,ԏ˂炢,k,Ԑ,012351,kC,Ύs,ԐXP,2018-08-28,13,H,{,Ȃ
ޓ,ԏ˂炢,k,Ԑ,012351,kC,Ύs,ԐXQ,2018-10-28,00,ˌZ,{,
ޓ,ԏ˂炢,k,Ԑ,012351,kC,Ύs,ԐXR,2018-02-13,00,ˌZ,{,
ޓ,ԏ˂炢,k,Ԑk,012351,kC,Ύs,ԐkQP,2018-10-18,17,H,{,
ޓ,ԏ˂炢,k,Ԑk,012351,kC,Ύs,ԐkUQ,2018-04-23,12,ˌZ,{,
ޓ,ԏ˂炢,k,Ԑk,012351,kC,Ύs,Ή䓌QQ,2018-09-10,13,H,{,
ޓ,ԏ˂炢,k,ԓc,011029,kC,Dysk,ԓcVP,2018-05-17,07,H,{,
ޓ,ԏ˂炢,k,ԓc,011029,kC,Dysk,ԓcWU,2018-07-11,15,̑,{,Ȃ
ޓ,ԏ˂炢,k,,011029,kC,Dysk,TT,2018-08-31,19,̑,{,
ޓ,ԏ˂炢,k,,011029,kC,Dysk,WP,2018-03-26,20,ԁiցj,{,
ޓ,ԏ˂炢,k,],012351,kC,Ύs,c,2018-03-29,21,̑,{,
ޓ,ԏ˂炢,k,,013030,kC,ʒ,t,2018-07-10,23,̑̏ZiRKĈȉZj,{,
ޓ,ԏ˂炢,k,,013030,kC,ʒ,t,2018-08-19,00,̑̏ZiRKĈȉZj,{,Ȃ
ޓ,ԏ˂炢,k,,013030,kC,ʒ,h,2018-09-18,14,ˌZ,{,Ȃ
ޓ,ԏ˂炢,k,,011029,kC,Dysk,kRS𐼂V,2018-02-15,17,ԁiցj,{,
ޓ,ԏ˂炢,k,,011029,kC,Dysk,kRT𐼂S,2018-08-29,22,̑,{,Ȃ
ޓ,ԏ˂炢,k,,011029,kC,Dysk,kRT𐼂S,2018-10-11,14,ԁiցj,{,
ޓ,ԏ˂炢,k,,011029,kC,Dysk,kRU𐼂V,2018-04-12,09,H,{,
ޓ,ԏ˂炢,k,,011029,kC,Dysk,kRU𐼂X,2018-09-17,15,̑,{,
ޓ,ԏ˂炢,k,,011029,kC,Dysk,kRV𐼂X,2018-07-16,22,SKĈȏ㋤Z,{,
ޓ,ԏ˂炢,k,,011029,kC,Dysk,kSO𐼂U,2018-09-09,09,̑̏ZiRKĈȉZj,{,
ޓ,ԏ˂炢,k,,011029,kC,Dysk,VՎVP,2018-09-30,19,ԁiցj,{,
ޓ,ԏ˂炢,k,V,011029,kC,Dysk,VQX,2018-10-08,11,̑,{,
ޓ,ԏ˂炢,k,V,011029,kC,Dysk,V,2018-12-20,16,̑,{,Ȃ
ޓ,ԏ˂炢,k,V,011029,kC,Dysk,VՎQPQ,2018-08-27,07,H,{,
ޓ,ԏ˂炢,k,V,011029,kC,Dysk,V쐼PU,2018-11-22,10,H,{,
ޓ,ԏ˂炢,k,V,011029,kC,Dysk,V쐼QS,2018-07-24,19,ˌZ,{,
ޓ,ԏ˂炢,k,V,011029,kC,Dysk,V쐼RQ,2018-06-25,10,H,{,
ޓ,ԏ˂炢,k,V,011029,kC,Dysk,V쐼RU,2018-08-21,08,H,{,Ȃ
ޓ,ԏ˂炢,L,,011053,kC,DysL,ԒP,2018-07-04,00,ԁiցj,{,
ޓ,ԏ˂炢,L,,011053,kC,DysL,QQ,2018-08-18,06,̑,{,
ޓ,ԏ˂炢,L,,011053,kC,DysL,RU,2018-08-03,21,H,{,
ޓ,ԏ˂炢,L,,011053,kC,DysL,UR,2018-05-19,14,̑,{,Ȃ
ޓ,ԏ˂炢,L,,011053,kC,DysL,XQ,2012-01-31,08,ԁiցj,{,Ȃ
ޓ,ԏ˂炢,L,,011053,kC,DysL,XQ,2018-07-08,01,̑,{,
ޓ,ԏ˂炢,L,,011053,kC,DysL,݂PP,2018-05-29,03,ԁiցj,{,
ޓ,ԏ˂炢,L,,011053,kC,DysL,݂QQ,2018-05-18,12,ԁiցj,{,
ޓ,ԏ˂炢,L,,011053,kC,DysL,݂RV,2018-02-15,20,ԁiցj,{,Ȃ
ޓ,ԏ˂炢,L,,011053,kC,DysL,݂RW,2018-09-11,10,ԁiցj,{,Ȃ
ޓ,ԏ˂炢,L,약,011053,kC,DysL,݂PX,2018-09-16,23,ԁiցj,{,
ޓ,ԏ˂炢,L,약,011053,kC,DysL,݂TPQ,2018-09-17,16,H,{,
ޓ,ԏ˂炢,L,,011053,kC,DysL,PQ,2018-12-10,19,H,{,Ȃ
ޓ,ԏ˂炢,L,,011053,kC,DysL,RS,2018-06-09,19,ԁiցj,{,Ȃ
ޓ,ԏ˂炢,L,,011053,kC,DysL,PPW,2018-10-26,08,ԁiցj,{,
ޓ,ԏ˂炢,L,c,011100,kC,Dysc,cPS,2018-12-29,16,̑,{,
ޓ,ԏ˂炢,L,c,011100,kC,Dysc,cVP,2018-12-15,17,ԁiցj,{,Ȃ
ޓ,ԏ˂炢,L,k,011100,kC,Dysc,kTR,2018-06-18,15,H,{,
ޓ,ԏ˂炢,L,,011100,kC,Dysc,˂PQ,2018-04-22,01,ԁiցj,{,Ȃ
ޓ,ԏ˂炢,L,,011100,kC,Dysc,˂SP,2018-10-22,18,ˌZ,{,
ޓ,ԏ˂炢,L,,011100,kC,Dysc,RT,2018-03-18,11,ԁiցj,{,Ȃ
ޓ,ԏ˂炢,L,u,011100,kC,Dysc,,2018-04-28,12,̑,{,
ޓ,ԏ˂炢,L,u,011100,kC,Dysc,^hRQ,2018-03-04,19,ԁiցj,{,Ȃ
ޓ,ԏ˂炢,L,΃u,011100,kC,Dysc,˗΃PuU,2018-11-26,17,ˌZ,{,
ޓ,ԏ˂炢,,MZ,011088,kC,Dysʋ,ʒST,2018-08-06,21,̑,{,
ޓ,ԏ˂炢,,Xь,011088,kC,Dysʋ,ʖkSR,2018-08-11,13,H,{,
ޓ,ԏ˂炢,,Ђ΂胖u,011088,kC,Dysʋ,ʒQS,2018-09-16,03,ԁiցj,{,
ޓ,ԏ˂炢,,Ђ΂胖u,011088,kC,Dysʋ,JnP,2018-03-01,07,̑,{,
ޓ,ԏ˂炢,,Ђ΂胖u,011088,kC,Dysʋ,JnT,2018-01-04,07,H,{,Ȃ
ޓ,ԏ˂炢,,y,011088,kC,Dysʋ,ʓS,2018-02-07,06,ԁiցj,{,
ޓ,ԏ˂炢,,kL,012343,kC,kLs,h,2018-01-28,10,ԁiցj,{,Ȃ
ޓ,ԏ˂炢,,,012343,kC,kLs,ȓ샖uS,2018-06-08,19,ˌZ,{,Ȃ
ޓ,ԏ˂炢,,֌,012343,kC,kLs,֌,2018-11-04,13,̑,{,
ޓ,ԏ˂炢,,̗,012343,kC,kLs,̗S,2018-09-12,22,H,{,
ޓ,ԏ˂炢,,̗,012343,kC,kLs,uP,2018-09-01,20,ԁiցj,{,
ޓ,ԏ˂炢,,,011096,kC,Dys,xuTT,2018-08-30,21,H,{,
ޓ,ԏ˂炢,,,011096,kC,Dys,{̑TQ,2018-05-21,08,ԁiցj,{,
ޓ,ԏ˂炢,,Oc,011096,kC,Dys,Oc,2018-04-14,15,ԁiցj,{,Ȃ
ޓ,ԏ˂炢,,{̑,011096,kC,Dys,{̑TP,2018-04-09,11,ԁiցj,{,Ȃ
ޓ,ԏ˂炢,,,011096,kC,Dys,RQ,2018-11-30,06,ԁiցj,{,
ޓ,ԏ˂炢,,,011096,kC,Dys,VTP,2018-11-19,20,ԁiցj,{,Ȃ
ޓ,ԏ˂炢,,,011096,kC,Dys,VVP,2018-09-06,03,H,{,
ޓ,ԏ˂炢,ْ,,012025,kC,َs,,2018-11-05,08,̑,{,Ȃ
ޓ,ԏ˂炢,ْ,,012025,kC,َs,쒬,2018-09-25,07,H,{,
ޓ,ԏ˂炢,ْ,l,012025,kC,َs,l,2018-05-05,17,̑,{,Ȃ
ޓ,ԏ˂炢,ْ,,012025,kC,َs,[x,2018-01-22,14,H,{,Ȃ
ޓ,ԏ˂炢,ْ,g,012025,kC,َs,gP,2018-01-20,14,̑,{,
ޓ,ԏ˂炢,ْ,g,012025,kC,َs,gQ,2018-08-07,08,H,{,
ޓ,ԏ˂炢,ْ,g,012025,kC,َs,gS,2018-09-04,20,H,{,
ޓ,ԏ˂炢,ْ,{,012025,kC,َs,ܗŊs,2018-10-09,13,SKĈȏ㋤Z,{,
ޓ,ԏ˂炢,ْ,{,012025,kC,َs,{,2018-09-26,15,H,{,Ȃ
ޓ,ԏ˂炢,ْ,{,012025,kC,َs,{,2018-09-27,10,H,{,
ޓ,ԏ˂炢,ْ,{,012025,kC,َs,{,2018-09-27,11,ԁiցj,{,Ȃ
ޓ,ԏ˂炢,ْ,{,012025,kC,َs,쒬,2018-05-23,00,̑,{,
ޓ,ԏ˂炢,ْ,,012025,kC,َs,,2018-04-15,11,H,{,
ޓ,ԏ˂炢,ْ,,012025,kC,َs,A,2018-06-11,08,ԁiցj,{,
ޓ,ԏ˂炢,ْ,,012025,kC,َs,A,2018-06-22,17,ԁiցj,{,Ȃ
ޓ,ԏ˂炢,ْ,,012025,kC,َs,|{,2018-08-23,11,H,{,
ޓ,ԏ˂炢,ْ,,012025,kC,َs,쒬Q,s,s,H,{,
ޓ,ԏ˂炢,ْ,x,012025,kC,َs,Tc{,2018-08-09,09,H,{,
ޓ,ԏ˂炢,ْ,x,012025,kC,َs,Tc{,2018-08-19,21,H,{,Ȃ
ޓ,ԏ˂炢,ْ,x,012025,kC,َs,xP,2018-09-18,08,ԁiցj,{,Ȃ
ޓ,ԏ˂炢,ْ,x,012025,kC,َs,xP,2018-10-23,08,ԁiցj,{,Ȃ
ޓ,ԏ˂炢,ْ,j[,012025,kC,َs,ΐ쒬,2018-06-22,14,ԁiցj,{,Ȃ
ޓ,ԏ˂炢,ْ,j[,012025,kC,َs,j[,2018-04-04,16,̑,{,Ȃ
ޓ,ԏ˂炢,ْ,j[,012025,kC,َs,j[Q,2018-01-20,12,ԁiցj,{,
ޓ,ԏ˂炢,ْ,j[,012025,kC,َs,j[S,2018-09-21,09,H,{,
ޓ,ԏ˂炢,ْ,Ԑ,012025,kC,َs,P,2018-04-08,17,̑,{,Ȃ
ޓ,ԏ˂炢,ْ,Ԑ,012025,kC,َs,Q,2018-04-04,23,ˌZ,{,
ޓ,ԏ˂炢,ْ,Ԑ,012025,kC,َs,R,2018-03-17,10,H,{,
ޓ,ԏ˂炢,ْ,Ԑ,012025,kC,َs,T,2018-03-02,19,̑,{,Ȃ
ޓ,ԏ˂炢,ْ,,013374,kC,ђ,,2018-05-29,17,̑,{,
ޓ,ԏ˂炢,ْ,,013374,kC,ђ,R,2018-12-02,23,ˌZ,{,
ޓ,ԏ˂炢,ْ,,013374,kC,ђ,{P,2018-09-29,22,̑,{,
ޓ,ԏ˂炢,ْ,,013374,kC,ђ,{Q,2018-12-02,21,ˌZ,{,
ޓ,ԏ˂炢,ْ,,013374,kC,ђ,{Q,2018-12-05,20,̑,{,Ȃ
ޓ,ԏ˂炢,ْ,,013374,kC,ђ,{R,2018-06-21,13,̑,{,Ȃ
ޓ,ԏ˂炢,ْ,,012360,kC,kls,P,2018-12-05,16,ˌZ,{,
ޓ,ԏ˂炢,ْ,kl,012360,kC,kls,vʂP,2018-06-14,16,SKĈȏ㋤Z,{,Ȃ
ޓ,ԏ˂炢,ْ,dl,012360,kC,kls,dlR,2018-05-31,21,̑,{,
ޓ,ԏ˂炢,ْ,dl,012360,kC,kls,dlR,2018-08-03,09,̑,{,
ޓ,ԏ˂炢,ْ,dl,012360,kC,kls,dlV,2018-10-16,16,ԁiցj,{,
ޓ,ԏ˂炢,ْ,a,012025,kC,َs,aP,2018-08-26,15,H,{,
ޓ,ԏ˂炢,ْ,a,012025,kC,َs,aR,2018-12-05,20,̑,{,
ޓ,ԏ˂炢,ْ,a,012025,kC,َs,aS,2018-05-08,14,ԁiցj,{,Ȃ
ޓ,ԏ˂炢,ْ,a,012025,kC,َs,aS,2018-08-09,08,H,{,
ޓ,ԏ˂炢,ْ,a,012025,kC,َs,aS,2018-08-16,08,H,{,
ޓ,ԏ˂炢,ْ,R,012025,kC,َs,P,2018-05-17,15,H,{,Ȃ
ޓ,ԏ˂炢,ْ,R,012025,kC,َs,{ʂR,2018-08-29,08,H,{,
ޓ,ԏ˂炢,ْ,R,012025,kC,َs,{ʂS,2018-09-25,07,ˌZ,{,
ޓ,ԏ˂炢,ْ,R,012025,kC,َs,R̎P,2018-04-30,15,ˌZ,{,
ޓ,ԏ˂炢,ْ,R,012025,kC,َs,RQ,2018-03-08,18,ˌZ,{,
ޓ,ԏ˂炢,ْ,R,012025,kC,َs,RQ,2018-06-05,18,̑̏ZiRKĈȉZj,{,
ޓ,ԏ˂炢,ْ,,012025,kC,َs,_R,2018-10-11,20,ˌZ,{,
ޓ,ԏ˂炢,ْ,,012025,kC,َs,P,2018-07-15,20,ԁiցj,{,
ޓ,ԏ˂炢,ْ,,012025,kC,َs,T,2018-08-15,15,H,{,
ޓ,ԏ˂炢,ِ,\X,012025,kC,َs,L쒬,2018-10-03,12,ԁiցj,{,
ޓ,ԏ˂炢,ِ,\X,012025,kC,َs,L쒬,2018-10-27,08,ԁiցj,{,
ޓ,ԏ˂炢,ِ,ىwO,012025,kC,َs,蒬,2018-10-03,10,ԁiցj,{,
ޓ,ԏ˂炢,ِ,ىwO,012025,kC,َs,ᏼ,2018-03-10,09,ԁiցj,{,
ޓ,ԏ˂炢,ِ,ىwO,012025,kC,َs,ᏼ,2018-03-23,11,ԁiցj,{,Ȃ
ޓ,ԏ˂炢,ِ,ىwO,012025,kC,َs,ᏼ,2018-09-23,10,̑,{,Ȃ
ޓ,ԏ˂炢,ِ,,012025,kC,َs,,2018-04-05,06,ԁiցj,{,Ȃ
ޓ,ԏ˂炢,ِ,`,012025,kC,َs,Tc`,2018-05-23,16,̑̏ZiRKĈȉZj,{,
ޓ,ԏ˂炢,ِ,`,012025,kC,َs,Tc`,2018-11-26,18,̑,{,
ޓ,ԏ˂炢,X,ݒn,013455,kC,X,䒬,2018-01-10,13,̑̏ZiRKĈȉZj,{,
ޓ,ԏ˂炢,X,,013439,kC,,,2018-11-10,20,̑,{,Ȃ
ޓ,ԏ˂炢,O,ݒn,013315,kC,O,,2018-08-01,07,H,{,Ȃ
ޓ,ԏ˂炢,O,ݒn,013315,kC,O,,2018-08-01,07,̑,{,
ޓ,ԏ˂炢,],m,013625,kC,m,,2018-02-13,08,ԁiցj,{,
ޓ,ԏ˂炢,],Ll,013641,kC,,Ԉ,2018-08-16,19,ԁiցj,{,
ޓ,ԏ˂炢,s,J,013927,kC,s,,2018-09-14,10,̑,{,Ȃ
ޓ,ԏ˂炢,쒆,,012041,kC,s,,2018-06-13,08,H,{,Ȃ
ޓ,ԏ˂炢,쒆,,012041,kC,s,,2018-07-07,07,H,{,
ޓ,ԏ˂炢,쒆,wO,012041,kC,s,{ʂW,2018-06-13,10,H,{,
ޓ,ԏ˂炢,쒆,,012041,kC,s,SʂV,2018-03-01,11,ԁiցj,{,Ȃ
ޓ,ԏ˂炢,쒆,,012041,kC,s,TʂPQ,2018-11-22,22,SKĈȏ㋤Z,{,Ȃ
ޓ,ԏ˂炢,쒆,,012041,kC,s,[RV,2018-05-23,19,̑,{,Ȃ
ޓ,ԏ˂炢,쒆,ߕ,012041,kC,s,ђPP,2018-06-26,15,̑̏ZiRKĈȉZj,{,Ȃ
ޓ,ԏ˂炢,쒆,t,012041,kC,s,LSP,2018-07-16,12,̑,{,Ȃ
ޓ,ԏ˂炢,쒆,t,012041,kC,s,LSP,2018-09-05,10,̑,{,Ȃ
ޓ,ԏ˂炢,쒆,t,012041,kC,s,LSP,2018-11-10,11,̑,{,Ȃ
ޓ,ԏ˂炢,쒆,t,012041,kC,s,tPW,2018-10-06,10,ԁiցj,{,Ȃ
ޓ,ԏ˂炢,쒆,t,012041,kC,s,tPX,2018-05-30,12,ԁiցj,{,Ȃ
ޓ,ԏ˂炢,쒆,t,012041,kC,s,tPX,2018-10-17,16,ԁiցj,{,
ޓ,ԏ˂炢,쒆,L,012041,kC,s,LTW,2018-08-05,13,H,{,
ޓ,ԏ˂炢,쒆,L,012041,kC,s,ђPX,2018-10-21,10,ˌZ,{,Ȃ
ޓ,ԏ˂炢,쒆,k,014524,kC,鐲,XQ,2018-07-14,13,̑,{,
ޓ,ԏ˂炢,쒆,,014559,kC,z,kPPP,2018-09-26,07,̑,{,Ȃ
ޓ,ԏ˂炢,쒆,a,012041,kC,s,]OʒR,2018-07-26,18,̑,{,Ȃ
ޓ,ԏ˂炢,쒆,a,012041,kC,s,aQU,2018-04-15,12,ˌZ,{,Ȃ
ޓ,ԏ˂炢,m,wO,012203,kC,mʎs,ʓPW,2018-10-29,16,ԁiցj,{,
ޓ,ԏ˂炢,,܏,012211,kC,s,i,2018-07-09,10,ԁiցj,{,Ȃ
ޓ,ԏ˂炢,[,,014699,kC,[,,2018-07-29,08,ˌZ,{,
ޓ,ԏ˂炢,[,,014699,kC,[,,2018-07-02,15,̑,{,
ޓ,ԏ˂炢,t,单,012149,kC,ts,V`,2018-09-22,17,ԁiցj,{,
ޓ,ԏ˂炢,xǖ,wO,012297,kC,xǖs,t,2018-04-17,17,̑,{,
ޓ,ԏ˂炢,xǖ,xǖ,014605,kC,xǖ쒬,VkQW,2018-02-23,07,ԁiցj,{,
ޓ,ԏ˂炢,[,],012289,kC,[s,]L,2018-11-02,08,̑,{,
ޓ,ԏ˂炢,[,w,014338,kC,w,w,2018-11-16,00,ԁiցj,{,Ȃ
ޓ,ԏ˂炢,G,K,012122,kC,Gs,T,2018-12-26,16,̑,{,
ޓ,ԏ˂炢,G,K,012122,kC,Gs,ђP,2018-07-22,15,̑,{,
ޓ,ԏ˂炢,G,K,012122,kC,Gs,{Q,2018-07-27,08,SKĈȏ㋤Z,{,
ޓ,ԏ˂炢,Hy,k,014842,kC,Hy,K,2018-07-31,23,ˌZ,{,Ȃ
ޓ,ԏ˂炢,Hy,ϑO,014834,kC,ϑO,͒,2018-10-08,03,̑,{,
ޓ,ԏ˂炢,쓌,,012041,kC,s,PʂQT,2018-10-25,08,ԁiցj,{,
ޓ,ԏ˂炢,쓌,,012041,kC,s,RʂQR,2018-11-06,12,ԁiցj,{,
ޓ,ԏ˂炢,쓌,L,012041,kC,s,LQV,2018-11-08,08,H,{,Ȃ
ޓ,ԏ˂炢,쓌,L,012041,kC,s,LRQ,2018-05-01,00,ԁiցj,{,Ȃ
ޓ,ԏ˂炢,쓌,L,012041,kC,s,LUPP,2018-08-08,08,H,{,
ޓ,ԏ˂炢,쓌,L,012041,kC,s,LVU,2018-06-19,15,ԁiցj,{,Ȃ
ޓ,ԏ˂炢,쓌,L,012041,kC,s,LXS,2018-04-23,15,H,{,
ޓ,ԏ˂炢,쓌,L,012041,kC,s,LPQS,2018-04-16,00,H,{,Ȃ
ޓ,ԏ˂炢,쓌,,012041,kC,s,QP,2018-06-23,16,̑,{,Ȃ
ޓ,ԏ˂炢,쓌,,012041,kC,s,RT,2018-06-17,13,̑̏ZiRKĈȉZj,{,
ޓ,ԏ˂炢,쓌,΂u,012041,kC,s,_QQ,2018-10-11,23,̑̏ZiRKĈȉZj,{,
ޓ,ԏ˂炢,쓌,,012041,kC,s,P,2018-10-30,07,ԁiցj,{,
ޓ,ԏ˂炢,쓌,,012041,kC,s,TV,2018-11-06,13,̑,{,
ޓ,ԏ˂炢,쓌,,012041,kC,s,pvPU,2018-10-21,12,ԁiցj,{,Ȃ
ޓ,ԏ˂炢,쓌,iR,012041,kC,s,iRVT,2018-08-27,20,̑,{,
ޓ,ԏ˂炢,쓌,iR,012041,kC,s,iRVV,2018-05-11,20,ԁiցj,{,Ȃ
ޓ,ԏ˂炢,쓌,l,014591,kC,l,{P,2018-07-07,17,ԁiցj,{,
ޓ,ԏ˂炢,쓌,,014575,kC,쒬,w_,2018-01-18,10,ԁiցj,{,Ȃ
ޓ,ԏ˂炢,쓌,w_,014575,kC,쒬,w_,2018-09-19,14,ԁiցj,{,Ȃ
ޓ,ԏ˂炢,쓌,,014567,kC,ʒ,a,2018-05-05,17,ԁiցj,{,
ޓ,ԏ˂炢,쓌,R,012041,kC,s,쒬㕺,2018-09-25,19,ԁiցj,{,Ȃ
ޓ,ԏ˂炢,H,h,012068,kC,Hs,,2018-10-13,17,ԁiցj,{,Ȃ
ޓ,ԏ˂炢,H,h,012068,kC,Hs,㒬W,2017-03-17,10,ԁiցj,{,
ޓ,ԏ˂炢,H,wO,012068,kC,Hs,PS,2018-02-02,04,̑,{,
ޓ,ԏ˂炢,H,k,012068,kC,Hs,x쒬,2018-08-23,12,ԁiցj,{,
ޓ,ԏ˂炢,H,h,012068,kC,Hs,Œ,2018-12-23,13,ԁiցj,{,
ޓ,ԏ˂炢,H,h,012068,kC,Hs,[,2018-10-21,10,ԁiցj,{,Ȃ
ޓ,ԏ˂炢,H,,012068,kC,Hs,vYQ,2018-10-20,14,H,{,
ޓ,ԏ˂炢,H,,012068,kC,Hs,vYQ,2018-12-23,15,ԁiցj,{,Ȃ
ޓ,ԏ˂炢,H,,012068,kC,Hs,vYR,2018-05-18,00,ˌZ,{,
ޓ,ԏ˂炢,H,y,012068,kC,Hs,y,2018-02-27,06,̑,{,
ޓ,ԏ˂炢,H,y,012068,kC,Hs,yтR,2018-05-23,17,̑,{,Ȃ
ޓ,ԏ˂炢,H,,012068,kC,Hs,T,2018-08-21,18,ˌZ,{,Ȃ
ޓ,ԏ˂炢,H,ߋ,016675,kC,ߋ,yCT,2018-10-20,12,ԁiցj,{,
ޓ,ԏ˂炢,H,,012068,kC,Hs,RP,2018-06-15,14,ԁiցj,{,
ޓ,ԏ˂炢,H,搼,012068,kC,Hs,kPO,2017-12-27,22,̑,{,Ȃ
ޓ,ԏ˂炢,H,搼,012068,kC,Hs,kPO,2017-12-29,22,̑,{,Ȃ
ޓ,ԏ˂炢,H,搼,012068,kC,Hs,kPO,2018-01-05,13,̑,{,Ȃ
ޓ,ԏ˂炢,H,搼,012068,kC,Hs,kPO,2018-05-22,12,̑,{,Ȃ
ޓ,ԏ˂炢,H,搼,012068,kC,Hs,YʂQ,2018-05-31,16,ԁiցj,{,Ȃ
ޓ,ԏ˂炢,H,j,016616,kC,H,j؂P,2018-09-14,09,ԁiցj,{,
ޓ,ԏ˂炢,H,j,016616,kC,H,VJP,2018-10-17,14,̑̏ZiRKĈȉZj,{,Ȃ
ޓ,ԏ˂炢,H,a,012068,kC,Hs,kV,2018-07-17,21,̑̏ZiRKĈȉZj,{,
ޓ,ԏ˂炢,,{,016624,kC,ݒ,~Q,2018-11-06,17,ԁiցj,{,
ޓ,ԏ˂炢,,,012238,kC,s,lR,2018-07-29,23,H,{,
ޓ,ԏ˂炢,,wO,012238,kC,s,aQ,2018-04-29,13,ԁiցj,{,
ޓ,ԏ˂炢,,wO,012238,kC,s,lS,2018-09-17,17,ԁiցj,{,
ޓ,ԏ˂炢,W,,016926,kC,WÒ,SkQ,2018-11-18,10,ԁiցj,{,
ޓ,ԏ˂炢,W,,016926,kC,WÒ,PPkU,2018-04-02,19,ˌZ,{,Ȃ
ޓ,ԏ˂炢,W,ʊC,016918,kC,ʊC,ʊC㒬,2018-08-10,10,ԁiցj,{,Ȃ
ޓ,ԏ˂炢,W,ʊC,016918,kC,ʊC,ʊCΒ,2018-11-05,06,̑,{,
ޓ,ԏ˂炢,rc,ݒn,016446,kC,rc,,2018-08-24,12,ԁiցj,{,
ޓ,ԏ˂炢,rc,Yy,016497,kC,Yy,,2018-05-31,16,ԁiցj,{,
ޓ,ԏ˂炢,rc,Yy,016497,kC,Yy,,2018-05-31,17,ԁiցj,{,Ȃ
ޓ,ԏ˂炢,rc,Yy,016497,kC,Yy,,2018-09-12,14,̑,{,Ȃ
ޓ,ԏ˂炢,rc,Yy,016497,kC,Yy,쒬,2018-05-31,18,ԁiցj,{,Ȃ
ޓ,ԏ˂炢,{,ݒn,016462,kC,{ʒ,kV,2018-06-30,16,ˌZ,{,Ȃ
ޓ,ԏ˂炢,{,ݒn,016462,kC,{ʒ,Q,2018-02-15,11,H,{,
ޓ,ԏ˂炢,эL,O,012076,kC,эLs,SU,2018-06-30,13,̑,{,
ޓ,ԏ˂炢,эL,\,012076,kC,эLs,TkS,2018-03-16,10,ˌZ,{,
ޓ,ԏ˂炢,эL,\,012076,kC,эLs,PRkW,s,s,ˌZ,{,Ȃ
ޓ,ԏ˂炢,эL,\,012076,kC,эLs,PSkQ,2018-08-30,17,̑,{,
ޓ,ԏ˂炢,эL,\,012076,kC,эLs,PUkQ,2018-05-12,17,ˌZ,{,
ޓ,ԏ˂炢,эL,,012076,kC,эLs,ʓQU,2018-08-23,17,̑,{,
ޓ,ԏ˂炢,эL,,012076,kC,эLs,PQS,2018-08-28,14,ˌZ,{,
ޓ,ԏ˂炢,эL,,012076,kC,эLs,QPX,2018-08-06,14,H,{,
ޓ,ԏ˂炢,эL,,012076,kC,эLs,TQS,2018-05-27,s,H,{,Ȃ
ޓ,ԏ˂炢,эL,܏,012076,kC,эLs,T,2018-04-17,07,̑,{,Ȃ
ޓ,ԏ˂炢,эL,܏,012076,kC,эLs,RQP,2018-10-03,13,̑,{,Ȃ
ޓ,ԏ˂炢,эL,܏,012076,kC,эLs,SPS,2018-08-30,15,̑,{,Ȃ
ޓ,ԏ˂炢,эL,܏,012076,kC,эLs,UPX,2018-05-18,13,̑,{,
ޓ,ԏ˂炢,эL,܏,012076,kC,эLs,WX,2018-05-09,10,ˌZ,{,
ޓ,ԏ˂炢,эL,܏,012076,kC,эLs,WPV,2018-05-14,13,̑,{,
ޓ,ԏ˂炢,эL,܏,012076,kC,эLs,POPU,2018-06-09,22,̑̏ZiRKĈȉZj,{,
ޓ,ԏ˂炢,эL,΃u,012076,kC,эLs,΃Pu,2018-09-19,19,̑,{,
ޓ,ԏ˂炢,эL,ё,012076,kC,эLs,,2018-05-10,s,ˌZ,{,Ȃ
ޓ,ԏ˂炢,эL,ё,012076,kC,эLs,PRX,2018-05-12,13,̑,{,
ޓ,ԏ˂炢,эL,ё,012076,kC,эLs,PSPP,2018-04-12,07,̑,{,
ޓ,ԏ˂炢,эL,ё,012076,kC,эLs,PXQ,2018-09-27,22,ˌZ,{,Ȃ
ޓ,ԏ˂炢,эL,ё,012076,kC,эLs,PXR,2018-09-01,09,̑,{,
ޓ,ԏ˂炢,эL,ё,012076,kC,эLs,ё쒬Q,2018-05-13,s,ˌZ,{,Ȃ
ޓ,ԏ˂炢,эL,эL,012076,kC,эLs,QRkP,2018-12-08,19,̑,{,Ȃ
ޓ,ԏ˂炢,эL,эL,012076,kC,эLs,QRkP,2018-12-14,19,̑,{,Ȃ
ޓ,ԏ˂炢,эL,эL,012076,kC,эLs,QSQ,2018-09-30,01,ˌZ,{,
ޓ,ԏ˂炢,эL,ؖ,016314,kC,X,ؖʓPQ,2018-04-23,19,̑,{,
ޓ,ԏ˂炢,эL,D,016438,kC,ʒ,DŒ,2018-09-14,11,ˌZ,{,
ޓ,ԏ˂炢,эL,my,016331,kC,my,,2018-03-12,23,ˌZ,{,
ޓ,ԏ˂炢,эL,my,016331,kC,my,myQ,2018-04-03,17,ԁiցj,{,Ȃ
ޓ,ԏ˂炢,эL,my,016331,kC,my,,2018-03-22,13,ˌZ,{,Ȃ
ޓ,ԏ˂炢,эL,my,016322,kC,my,,2018-02-15,08,̑,{,
ޓ,ԏ˂炢,эL,莺,016373,kC,莺,XU,2018-09-06,18,H,{,
ޓ,ԏ˂炢,эL,,016373,kC,莺,,2018-08-14,17,ˌZ,{,
ޓ,ԏ˂炢,эL,쐼,012076,kC,эLs,,2018-11-03,06,̑,{,
ޓ,ԏ˂炢,эL,X,016390,kC,Xʑ,XʓP,2018-10-14,07,̑,{,
ޓ,ԏ˂炢,эL,c,012076,kC,эLs,RQX,2018-09-27,18,̑,{,
ޓ,ԏ˂炢,эL,c,012076,kC,эLs,VRX,2018-02-10,20,ˌZ,{,Ȃ
ޓ,ԏ˂炢,эL,c,012076,kC,эLs,POSP,2018-05-24,16,̑̏ZiRKĈȉZj,{,
ޓ,ԏ˂炢,эL,c,012076,kC,эLs,Q,2018-05-29,14,̑,{,
ޓ,ԏ˂炢,эL,VΒ,012076,kC,эLs,PXT,2018-08-25,17,̑̏ZiRKĈȉZj,{,Ȃ
ޓ,ԏ˂炢,эL,VΒ,012076,kC,эLs,QOT,2018-08-25,21,̑̏ZiRKĈȉZj,{,Ȃ
ޓ,ԏ˂炢,эL,VΒ,012076,kC,эLs,QPQ,2018-09-26,20,ˌZ,{,
ޓ,ԏ˂炢,эL,VΒ,012076,kC,эLs,QPS,2018-08-15,14,̑,{,
ޓ,ԏ˂炢,эL,VΒ,012076,kC,эLs,QSkP,2018-03-16,17,̑,{,Ȃ
ޓ,ԏ˂炢,эL,,016438,kC,ʒ,,2018-04-15,15,ˌZ,{,
ޓ,ԏ˂炢,V,,016349,kC,ǒ,y,2018-03-13,09,̑,{,
ޓ,ԏ˂炢,V,,016365,kC,,HѓS,2018-02-12,20,̑̏ZiRKĈȉZj,{,
ޓ,ԏ˂炢,V,,016365,kC,,e,2018-09-28,14,̑,{,
ޓ,ԏ˂炢,L,L,016420,kC,L,,2018-02-25,18,ˌZ,{,
ޓ,ԏ˂炢,L,,016411,kC,,Z,2018-08-19,21,ˌZ,{,Ȃ
ޓ,ԏ˂炢,k,,012084,kC,ks,kiS,2018-01-22,20,̑̏ZiRKĈȉZj,{,
ޓ,ԏ˂炢,k,,012084,kC,ks,OւS,2018-08-10,18,ԁiցj,{,
ޓ,ԏ˂炢,k,wO,012084,kC,ks,t,2018-10-28,15,̑,{,
ޓ,ԏ˂炢,k,wO,012084,kC,ks,Oy,2018-08-25,10,ԁiցj,{,
ޓ,ԏ˂炢,k,,012084,kC,ks,k,2018-11-30,16,̑,{,
ޓ,ԏ˂炢,k,,012084,kC,ks,OւP,2018-09-03,22,H,{,
ޓ,ԏ˂炢,k,C,012084,kC,ks,CC,2018-03-12,20,ԁiցj,{,Ȃ
ޓ,ԏ˂炢,k,C,012084,kC,ks,Cy,2018-11-18,18,H,{,
ޓ,ԏ˂炢,y,wO,015555,kC,y,PʖkR,2018-11-26,08,ԁiցj,{,
ޓ,ԏ˂炢,y,wO,015555,kC,y,ʖkQ,2018-01-26,10,ԁiցj,{,Ȃ
ޓ,ԏ˂炢,y,N,015598,kC,Nʒ,k,2018-01-28,14,ԁiցj,{,
ޓ,ԏ˂炢,y,N,015598,kC,Nʒ,Nʖk,2018-11-14,15,ԁiցj,{,
ޓ,ԏ˂炢,y,N,015598,kC,Nʒ,Nʒ,2018-08-04,16,ԁiցj,{,Ȃ
ޓ,ԏ˂炢,y,C,015521,kC,CԒ,x,2018-11-06,10,ԁiցj,{,
ޓ,ԏ˂炢,ԑ,,012114,kC,ԑs,kQ𐼂P,2018-03-27,16,̑̏ZiRKĈȉZj,{,
ޓ,ԏ˂炢,ԑ,,012114,kC,ԑs,PP𐼂Q,2018-01-27,20,H,{,Ȃ
ޓ,ԏ˂炢,ԑ,,012114,kC,ԑs,kR,2018-02-13,15,̑̏ZiRKĈȉZj,{,
ޓ,ԏ˂炢,ԑ,,012114,kC,ԑs,V,2018-03-26,18,ˌZ,{,Ȃ
ޓ,ԏ˂炢,ԑ,,012114,kC,ԑs,V,2018-08-25,13,H,{,Ȃ
ޓ,ԏ˂炢,y,,015431,kC,y,Rk,2018-08-08,07,̑,{,Ȃ
ޓ,ԏ˂炢,Η,ݒn,015458,kC,Η,t,2018-11-02,14,ԁiցj,{,
ޓ,ԏ˂炢,Η,ݒn,015458,kC,Η,t,2018-11-15,18,ԁiցj,{,
ޓ,ԏ˂炢,Η,Η,015458,kC,Η,xm,2018-09-11,22,H,{,
ޓ,ԏ˂炢,Η,Eg,015458,kC,Η,Eg,2018-08-21,16,ԁiցj,{,Ȃ
ޓ,ԏ˂炢,Η,,015474,kC,,,2018-10-04,11,ԁiցj,{,
ޓ,ԏ˂炢,,ݒn,015610,kC,,,2018-02-17,12,ԁiցj,{,Ȃ
