ߖ,,Ǌx@inj,ǊԁEݏinj,s撬R[hinj,s{inj,s撬inj,ځinj,Ninj,inj,ꏊ̑,{֌W,h~u̗L,ȊO̎ȔQi,ߖ,,Ǌx@inj,ǊԁEݏinj,s撬R[hinj,s{inj,s撬inj,ځinj,Ninj,inj,ꏊ̑,{֌W,h~u̗L,ȊO̎ȔQi
ޓ,ԓ,,DywO,11011,kC,Dys,,2018/3/6,11,H,L[,Ȃ,p,ޓ,ԓ,,DywO,11011,kC,Dys,,2018/3/6,11,H,L[,Ȃ,p
ޓ,ԓ,,O,11011,kC,Dys,T𐼂X,2018/5/2,21,H,L[,Ȃ,p,ޓ,ԓ,,O,11011,kC,Dys,T𐼂X,2018/5/2,21,H,L[,Ȃ,p
ޓ,ԓ,,k,11045,kC,Dys΋,ė,2018/8/11,17,̑,L[,Ȃ,ݕ,ޓ,ԓ,,k,11045,kC,Dys΋,ė,2018/8/11,17,̑,L[,Ȃ,ݕ
ޓ,ԓ,,싽,11045,kC,Dys΋,kTX,2018/7/9,22,̑̏ZiRKĈȉZj,L[,Ȃ,p,ޓ,ԓ,,싽,11045,kC,Dys΋,kTX,2018/7/9,22,̑̏ZiRKĈȉZj,L[,Ȃ,p
ޓ,ԓ,,,11045,kC,Dys΋,{ʂQPړ,2018/9/6,10,ԁiցj,L[,,ݕ,ޓ,ԓ,,,11045,kC,Dys΋,{ʂQPړ,2018/9/6,10,ԁiցj,L[,,ݕ
ޓ,ԓ,,e,11045,kC,Dys΋,ė,2018/11/28,19,̑,L[,Ȃ,p,ޓ,ԓ,,e,11045,kC,Dys΋,ė,2018/11/28,19,̑,L[,Ȃ,p
ޓ,ԓ,,,11070,kC,Dys,aQW,2018/11/17,4,H,L[,Ȃ,ݕ,ޓ,ԓ,,,11070,kC,Dys,aQW,2018/11/17,4,H,L[,Ȃ,ݕ
ޓ,ԓ,,,11037,kC,Dys,kQP𓌂PQ,2018/6/4,12,ˌZ,L[,Ȃ,p,ޓ,ԓ,,,11037,kC,Dys,kQP𓌂PQ,2018/6/4,12,ˌZ,L[,Ȃ,p
ޓ,ԓ,,,11037,kC,Dys,kRO𓌂PO,2018/6/21,2,̑̏ZiRKĈȉZj,L[,Ȃ,p,ޓ,ԓ,,,11037,kC,Dys,kRO𓌂PO,2018/6/21,2,̑̏ZiRKĈȉZj,L[,Ȃ,p
ޓ,ԓ,,u,11037,kC,Dys,,2018/2/14,19,ˌZ,L[,Ȃ,p,ޓ,ԓ,,u,11037,kC,Dys,,2018/2/14,19,ˌZ,L[,Ȃ,p
ޓ,ԓ,,u,11037,kC,Dys,SP,2018/8/3,18,̑,L[,Ȃ,ݕ,ޓ,ԓ,,u,11037,kC,Dys,SP,2018/8/3,18,̑,L[,Ȃ,ݕ
ޓ,ԓ,,u,11037,kC,Dys,SP,2018/11/11,19,̑̏ZiRKĈȉZj,L[,Ȃ,p,ޓ,ԓ,,u,11037,kC,Dys,SP,2018/11/11,19,̑̏ZiRKĈȉZj,L[,Ȃ,p
ޓ,ԓ,,Dc,11037,kC,Dys,u쒬,2018/3/28,17,̑,L[,Ȃ,ݕ,ޓ,ԓ,,Dc,11037,kC,Dys,u쒬,2018/3/28,17,̑,L[,Ȃ,ݕ
ޓ,ԓ,],wO,12173,kC,]ʎs,߂ݖ쒬,2018/3/14,18,ˌZ,L[,Ȃ,p,ޓ,ԓ,],wO,12173,kC,]ʎs,߂ݖ쒬,2018/3/14,18,ˌZ,L[,Ȃ,p
ޓ,ԓ,],y,12173,kC,]ʎs,Vh,2018/8/18,16,ˌZ,L[,Ȃ,p,ޓ,ԓ,],y,12173,kC,]ʎs,Vh,2018/8/18,16,ˌZ,L[,Ȃ,p
ޓ,ԓ,],喃,12173,kC,]ʎs,喃,2018/12/1,3,̑,L[,Ȃ,p,ޓ,ԓ,],喃,12173,kC,]ʎs,喃,2018/12/1,3,̑,L[,Ȃ,p
ޓ,ԓ,],y,12173,kC,]ʎs,y,2018/2/18,0,̑,L[,Ȃ,p,ޓ,ԓ,],y,12173,kC,]ʎs,y,2018/2/18,0,̑,L[,Ȃ,p
ޓ,ԓ,,Vx,12246,kC,Ύs,MZS,2018/6/16,10,ԁiցj,L[,Ȃ,p,ޓ,ԓ,,Vx,12246,kC,Ύs,MZS,2018/6/16,10,ԁiցj,L[,Ȃ,p
ޓ,ԓ,,,12246,kC,Ύs,,2018/9/7,22,ˌZ,L[,,p,ޓ,ԓ,,,12246,kC,Ύs,,2018/9/7,22,ˌZ,L[,,p
ޓ,ԓ,,bwO,12319,kC,bs,hb,2018/8/31,0,H,L[,Ȃ,p,ޓ,ԓ,,bwO,12319,kC,bs,hb,2018/8/31,0,H,L[,Ȃ,p
ޓ,ԓ,〈,wO,12106,kC,〈s,T𐼂Q,2018/6/26,23,ԁiցj,L[,Ȃ,ݕ,ޓ,ԓ,〈,wO,12106,kC,〈s,T𐼂Q,2018/6/26,23,ԁiցj,L[,Ȃ,ݕ
ޓ,ԓ,〈,y,12106,kC,〈s,y,2018/10/26,21,ˌZ,L[,Ȃ,p,ޓ,ԓ,〈,y,12106,kC,〈s,y,2018/10/26,21,ˌZ,L[,Ȃ,p
ޓ,ԓ,〈,,12106,kC,〈s,k{P,2018/5/7,19,̑,L[,Ȃ,ݕ,ޓ,ԓ,〈,,12106,kC,〈s,k{P,2018/5/7,19,̑,L[,Ȃ,ݕ
ޓ,ԓ,IR,,14281,kC,,,2018/12/8,10,ˌZ,L[,Ȃ,p,ޓ,ԓ,IR,,14281,kC,,,2018/12/8,10,ˌZ,L[,Ȃ,p
ޓ,ԓ,IR,y,14231,kC,y,PO,2018/9/18,19,̑,L[,Ȃ,p,ޓ,ԓ,IR,y,14231,kC,y,PO,2018/9/18,19,̑,L[,Ȃ,p
ޓ,ԓ,S,,12157,kC,Ss,LQ,2018/11/15,20,ˌZ,L[,Ȃ,p,ޓ,ԓ,S,,12157,kC,Ss,LQ,2018/11/15,20,ˌZ,L[,Ȃ,p
ޓ,ԓ,,ވ],14249,kC,ވ],ވ],2018/11/15,15,ԁiցj,L[,,p,ޓ,ԓ,,ވ],14249,kC,ވ],ވ],2018/11/15,15,ԁiցj,L[,,p
ޓ,ԓ,]s,wO,14087,kC,]s,쒬QO,2018/8/28,17,ˌZ,L[,Ȃ,p,ޓ,ԓ,]s,wO,14087,kC,]s,쒬QO,2018/8/28,17,ˌZ,L[,Ȃ,p
ޓ,ԓ,m,wO,14001,kC,m,R,2018/3/2,23,ˌZ,L[,Ȃ,p,ޓ,ԓ,m,wO,14001,kC,m,R,2018/3/2,23,ˌZ,L[,Ȃ,p
ޓ,ԓ,m,Ε,13986,kC,Εʒ,,2018/10/8,23,ˌZ,L[,Ȃ,p,ޓ,ԓ,m,Ε,13986,kC,Εʒ,,2018/10/8,23,ˌZ,L[,Ȃ,p
ޓ,ԓ,Ϗq,wO,12131,kC,Ϗqs,V쒬R,2018/4/16,5,ԁiցj,L[,Ȃ,p,ޓ,ԓ,Ϗq,wO,12131,kC,Ϗqs,V쒬R,2018/4/16,5,ԁiցj,L[,Ȃ,p
ޓ,ԓ,Ϗq,{,12131,kC,Ϗqs,ђP,2018/6/2,20,ԁiցj,L[,Ȃ,p,ޓ,ԓ,Ϗq,{,12131,kC,Ϗqs,ђP,2018/6/2,20,ԁiցj,L[,Ȃ,p
ޓ,ԓ,Ϗq,퐶,12131,kC,Ϗqs,R,2018/4/14,16,ԁiցj,L[,Ȃ,ݕ,ޓ,ԓ,Ϗq,퐶,12131,kC,Ϗqs,R,2018/4/14,16,ԁiցj,L[,Ȃ,ݕ
ޓ,ԓ,Ϗq,m[,12131,kC,Ϗqs,DP,2017/12/31,13,̑,L[,Ȃ,p,ޓ,ԓ,Ϗq,m[,12131,kC,Ϗqs,DP,2017/12/31,13,̑,L[,Ȃ,p
ޓ,ԓ,Ϗq,,12131,kC,Ϗqs,VQ,2018/10/6,9,ԁiցj,L[,Ȃ,ݕ,ޓ,ԓ,Ϗq,,12131,kC,Ϗqs,VQ,2018/10/6,9,ԁiցj,L[,Ȃ,ݕ
ޓ,ԓ,Ϗq,m[k,12131,kC,Ϗqs,,2017/8/20,16,ԁiցj,L[,Ȃ,p,ޓ,ԓ,Ϗq,m[k,12131,kC,Ϗqs,,2017/8/20,16,ԁiցj,L[,Ȃ,p
ޓ,ԓ,,,16021,kC,撬,񕗒J,2018/11/30,22,ˌZ,L[,,p,ޓ,ԓ,,,16021,kC,撬,񕗒J,2018/11/30,22,ˌZ,L[,,p
ޓ,ԓ,,,16012,kC,,hP,2018/11/30,17,ˌZ,L[,Ȃ,ݕ,ޓ,ԓ,,,16012,kC,,hP,2018/11/30,17,ˌZ,L[,Ȃ,ݕ
ޓ,ԓ,Y,{,16098,kC,,{,2018/11/6,16,̑,L[,Ȃ,ݕ,ޓ,ԓ,Y,{,16098,kC,,{,2018/11/6,16,̑,L[,Ȃ,ݕ
ޓ,ԓ,Y,{,16098,kC,,a,2018/11/6,23,̑,L[,Ȃ,p,ޓ,ԓ,Y,{,16098,kC,,a,2018/11/6,23,̑,L[,Ȃ,p
ޓ,ԓ,Y,,16098,kC,,,2018/11/24,21,ԁiցj,L[,,p,ޓ,ԓ,Y,,16098,kC,,,2018/11/24,21,ԁiցj,L[,,p
ޓ,ԓ,,R@,11011,kC,Dys,PX𐼂W,2018/7/10,4,ԁiցj,L[,,p,ޓ,ԓ,,R@,11011,kC,Dys,PX𐼂W,2018/7/10,4,ԁiցj,L[,,p
ޓ,ԓ,k,VՎ,11029,kC,Dysk,VՎ,2018/8/16,1,H,L[,Ȃ,p,ޓ,ԓ,k,VՎ,11029,kC,Dysk,VՎ,2018/8/16,1,H,L[,Ȃ,p
ޓ,ԓ,k,VՎ,11029,kC,Dysk,VՎ,2018/8/15,23,H,L[,Ȃ,p,ޓ,ԓ,k,VՎ,11029,kC,Dysk,VՎ,2018/8/15,23,H,L[,Ȃ,p
ޓ,ԓ,k,V,11029,kC,Dysk,kRS𐼂T,2017/4/23,16,ԁiցj,L[,Ȃ,p,ޓ,ԓ,k,V,11029,kC,Dysk,kRS𐼂T,2017/4/23,16,ԁiցj,L[,Ȃ,p
ޓ,ԓ,k,H,11029,kC,Dysk,HQW,2018/10/7,22,̑,L[,,p,ޓ,ԓ,k,H,11029,kC,Dysk,HQW,2018/10/7,22,̑,L[,,p
ޓ,ԓ,k,Ԑk,12351,kC,Ύs,Ԑ쓌,2018/10/2,12,̑,L[,Ȃ,p,ޓ,ԓ,k,Ԑk,12351,kC,Ύs,Ԑ쓌,2018/10/2,12,̑,L[,Ȃ,p
ޓ,ԓ,k,V,11029,kC,Dysk,V,2018/8/26,8,̑,L[,Ȃ,ݕ,ޓ,ԓ,k,V,11029,kC,Dysk,V,2018/8/26,8,̑,L[,Ȃ,ݕ
ޓ,ԓ,k,̗,11029,kC,Dysk,Hk,2018/10/17,9,H,L[,Ȃ,ݕ,ޓ,ԓ,k,̗,11029,kC,Dysk,Hk,2018/10/17,9,H,L[,Ȃ,ݕ
ޓ,ԓ,L,L,11053,kC,DysL,LQP,2018/4/23,20,ԁiցj,L[,Ȃ,p,ޓ,ԓ,L,L,11053,kC,DysL,LQP,2018/4/23,20,ԁiցj,L[,Ȃ,p
ޓ,ԓ,L,약,11053,kC,DysL,݂RPP,2018/5/20,22,H,L[,Ȃ,p,ޓ,ԓ,L,약,11053,kC,DysL,݂RPP,2018/5/20,22,H,L[,Ȃ,p
ޓ,ԓ,L,약,11053,kC,DysL,݂VPS,2018/12/20,4,H,L[,Ȃ,ݕ,ޓ,ԓ,L,약,11053,kC,DysL,݂VPS,2018/12/20,4,H,L[,Ȃ,ݕ
ޓ,ԓ,L,,11053,kC,DysL,TPO,2018/11/20,23,H,L[,,p,ޓ,ԓ,L,,11053,kC,DysL,TPO,2018/11/20,23,H,L[,,p
ޓ,ԓ,L,c,11100,kC,Dysc,c,2018/11/24,17,̑,L[,Ȃ,p,ޓ,ԓ,L,c,11100,kC,Dysc,c,2018/11/24,17,̑,L[,Ȃ,p
ޓ,ԓ,,kL,12343,kC,kLs,hS,2018/8/19,4,ˌZ,L[,,p,ޓ,ԓ,,kL,12343,kC,kLs,hS,2018/8/19,4,ˌZ,L[,,p
ޓ,ԓ,,̗,12343,kC,kLs,̗,2018/7/23,9,ԁiցj,L[,Ȃ,ݕ,ޓ,ԓ,,̗,12343,kC,kLs,̗,2018/7/23,9,ԁiցj,L[,Ȃ,ݕ
ޓ,ԓ,,,11096,kC,Dys,PV,2018/10/14,8,ԁiցj,L[,,p,ޓ,ԓ,,,11096,kC,Dys,PV,2018/10/14,8,ԁiցj,L[,,p
ޓ,ԓ,,,11096,kC,Dys,RQR,2018/10/21,18,̑,L[,Ȃ,p,ޓ,ԓ,,,11096,kC,Dys,RQR,2018/10/21,18,̑,L[,Ȃ,p
ޓ,ԓ,ْ,x,12025,kC,َs,xQ,2018/10/31,22,SKĈȏ㋤Z,L[,Ȃ,p,ޓ,ԓ,ْ,x,12025,kC,َs,xQ,2018/10/31,22,SKĈȏ㋤Z,L[,Ȃ,p
ޓ,ԓ,ْ,ѓ,13374,kC,ђ,,2018/4/28,18,̑,L[,Ȃ,ݕ,ޓ,ԓ,ْ,ѓ,13374,kC,ђ,,2018/4/28,18,̑,L[,Ȃ,ݕ
ޓ,ԓ,_,,13463,kC,_,,2018/6/7,7,̑,L[,Ȃ,p,ޓ,ԓ,_,,13463,kC,_,,2018/6/7,7,̑,L[,Ȃ,p
ޓ,ԓ,쒆,鐲,12041,kC,s,鐲TPQ,2018/9/26,12,̑,L[,Ȃ,ݕ,ޓ,ԓ,쒆,鐲,12041,kC,s,鐲TPQ,2018/9/26,12,̑,L[,Ȃ,ݕ
ޓ,ԓ,V,,14869,kC,ʒ,{R,2018/3/11,7,ˌZ,L[,,̑,ޓ,ԓ,V,,14869,kC,ʒ,{R,2018/3/11,7,ˌZ,L[,,̑
ޓ,ԓ,쓌,L,12041,kC,s,LVU,2018/6/30,17,ԁiցj,L[,Ȃ,ݕ,ޓ,ԓ,쓌,L,12041,kC,s,LVU,2018/6/30,17,ԁiցj,L[,Ȃ,ݕ
ޓ,ԓ,쓌,,12041,kC,s,QP,2018/7/31,0,ˌZ,L[,Ȃ,p,ޓ,ԓ,쓌,,12041,kC,s,QP,2018/7/31,0,ˌZ,L[,Ȃ,p
ޓ,ԓ,쓌,,14583,kC,쒬,,2018/9/24,20,̑,L[,Ȃ,ꎩ,ޓ,ԓ,쓌,,14583,kC,쒬,kQ,2018/9/24,20,̑,L[,Ȃ,ꎩ
ޓ,ԓ,쓌,쐼,14583,kC,쒬,kV,2018/8/31,16,̑,L[,Ȃ,ݕ,ޓ,ԓ,쓌,쐼,14583,kC,쒬,kV,2018/8/31,16,̑,L[,Ȃ,ݕ
ޓ,ԓ,H,wO,12068,kC,Hs,PR,2018/9/25,11,H,L[,Ȃ,p,ޓ,ԓ,H,wO,12068,kC,Hs,PR,2018/9/25,11,H,L[,Ȃ,p
ޓ,ԓ,,z,16632,kC,l,zPQ,2018/11/5,22,ԁiցj,L[,Ȃ,p,ޓ,ԓ,,z,16632,kC,l,zPQ,2018/11/5,22,ԁiցj,L[,Ȃ,p
ޓ,ԓ,эL,\,12076,kC,эLs,PVkP,2018/3/18,19,̑,L[,Ȃ,p,ޓ,ԓ,эL,\,12076,kC,эLs,PVkP,2018/3/18,19,̑,L[,Ȃ,p
ޓ,ԓ,эL,܏,12076,kC,эLs,TPP,2018/10/13,3,SKĈȏ㋤Z,L[,Ȃ,̑,ޓ,ԓ,эL,܏,12076,kC,эLs,TPP,2018/10/13,3,SKĈȏ㋤Z,L[,Ȃ,̑
ޓ,ԓ,эL,ё,12076,kC,эLs,PVR,2018/9/4,16,ˌZ,L[,Ȃ,p,ޓ,ԓ,эL,ё,12076,kC,эLs,PVR,2018/9/4,16,ˌZ,L[,Ȃ,p
ޓ,ԓ,эL,c,12076,kC,эLs,SQX,2018/9/6,10,̑,L[,Ȃ,p,ޓ,ԓ,эL,c,12076,kC,эLs,SQX,2018/9/6,10,̑,L[,Ȃ,p
ޓ,ԓ,эL,c,12076,kC,эLs,TRO,2018/1/8,13,̑,L[,Ȃ,p,ޓ,ԓ,эL,c,12076,kC,эLs,TRO,2018/1/8,13,̑,L[,Ȃ,p
ޓ,ԓ,y,N,15598,kC,Nʒ,ђ,2018/11/19,17,H,L[,Ȃ,ݕ,ޓ,ԓ,y,N,15598,kC,Nʒ,ђ,2018/11/19,17,H,L[,Ȃ,ݕ
ޓ,ԓ,ԑ,V,12114,kC,ԑs,ђ,2018/1/27,19,̑̏ZiRKĈȉZj,L[,Ȃ,p,ޓ,ԓ,ԑ,V,12114,kC,ԑs,ђ,2018/1/27,19,̑̏ZiRKĈȉZj,L[,Ȃ,p
ޓ,ԓ,,K,11011,kC,Dys,kQO𐼂PT,2018/9/11,5,̑̏ZiRKĈȉZj,L[Ȃ,,p,ޓ,ԓ,,K,11011,kC,Dys,kQO𐼂PT,2018/9/11,5,̑̏ZiRKĈȉZj,L[Ȃ,,p
ޓ,ԓ,,싽,11045,kC,Dys΋,hʂP,2018/12/28,6,̑,L[Ȃ,,p,ޓ,ԓ,,싽,11045,kC,Dys΋,hʂP,2018/12/28,6,̑,L[Ȃ,,p
ޓ,ԓ,,ks,11045,kC,Dys΋,kQPR,2018/4/21,1,H,L[Ȃ,,p,ޓ,ԓ,,ks,11045,kC,Dys΋,kQPR,2018/4/21,1,H,L[Ȃ,,p
ޓ,ԓ,,e,11045,kC,Dys΋,ė,2018/2/8,23,H,L[Ȃ,,p,ޓ,ԓ,,e,11045,kC,Dys΋,ė,2018/2/8,23,H,L[Ȃ,,p
ޓ,ԓ,,u,11037,kC,Dys,u쒬,2017/12/22,10,̑,L[Ȃ,Ȃ,ꎩ,ޓ,ԓ,,u,11037,kC,Dys,u쒬,2017/12/22,10,̑,L[Ȃ,Ȃ,ꎩ
ޓ,ԓ,,u,11037,kC,Dys,u쒬,2018/3/20,16,ԁiցj,L[Ȃ,Ȃ,p,ޓ,ԓ,,u,11037,kC,Dys,u쒬,2018/3/20,16,ԁiցj,L[Ȃ,Ȃ,p
ޓ,ԓ,],wO,12173,kC,]ʎs,߂ݖ쒬,2018/3/11,2,ˌZ,L[Ȃ,Ȃ,ݕ,ޓ,ԓ,],wO,12173,kC,]ʎs,߂ݖ쒬,2018/3/11,2,ˌZ,L[Ȃ,Ȃ,ݕ
ޓ,ԓ,,}vU,14028,kC,,쑩,2018/4/5,18,ԁiցj,L[Ȃ,Ȃ,p,ޓ,ԓ,,}vU,14028,kC,,쑩,2018/4/5,18,ԁiցj,L[Ȃ,Ȃ,p
ޓ,ԓ,Ϗq,wO,12131,kC,Ϗqs,\T,2018/3/31,14,ԁiցj,L[Ȃ,Ȃ,p,ޓ,ԓ,Ϗq,wO,12131,kC,Ϗqs,\T,2018/3/31,14,ԁiցj,L[Ȃ,Ȃ,p
ޓ,ԓ,Ϗq,wO,12131,kC,Ϗqs,V쒬R,2018/1/21,20,ԁiցj,L[Ȃ,Ȃ,p,ޓ,ԓ,Ϗq,wO,12131,kC,Ϗqs,V쒬R,2018/1/21,20,ԁiցj,L[Ȃ,Ȃ,p
ޓ,ԓ,Ϗq,ot,12131,kC,Ϗqs,otP,2018/8/24,22,ԁiցj,L[Ȃ,,p,ޓ,ԓ,Ϗq,ot,12131,kC,Ϗqs,otP,2018/8/24,22,ԁiցj,L[Ȃ,,p
ޓ,ԓ,Ϗq,,15865,kC,ނ풬,ʖLc,2018/3/9,19,̑,L[Ȃ,Ȃ,ݕ,ޓ,ԓ,Ϗq,,15865,kC,ނ풬,ʖLc,2018/3/9,19,̑,L[Ȃ,Ȃ,ݕ
ޓ,ԓ,Ϗq,؏,12131,kC,Ϗqs,ΒP,2018/12/22,6,̑̏ZiRKĈȉZj,L[Ȃ,,p,ޓ,ԓ,Ϗq,؏,12131,kC,Ϗqs,ΒP,2018/12/22,6,̑̏ZiRKĈȉZj,L[Ȃ,,p
ޓ,ԓ,k,H,11029,kC,Dysk,HH,2018/7/4,21,̑,L[Ȃ,Ȃ,Ȃ,ޓ,ԓ,k,H,11029,kC,Dysk,HH,2018/7/4,21,̑,L[Ȃ,Ȃ,Ȃ
ޓ,ԓ,k,Ԑ,12351,kC,Ύs,ԐXR,2018/12/5,12,ԁiցj,L[Ȃ,Ȃ,ꎩ,ޓ,ԓ,k,Ԑ,12351,kC,Ύs,ԐXR,2018/12/5,12,ԁiցj,L[Ȃ,Ȃ,ꎩ
ޓ,ԓ,k,Ԑk,12351,kC,Ύs,Ԑ쓌,2018/11/8,17,̑,L[Ȃ,Ȃ,p,ޓ,ԓ,k,Ԑk,12351,kC,Ύs,Ԑ쓌,2018/11/8,17,̑,L[Ȃ,Ȃ,p
ޓ,ԓ,k,V,11029,kC,Dysk,V,2018/9/23,18,̑,L[Ȃ,Ȃ,ݕ,ޓ,ԓ,k,V,11029,kC,Dysk,V,2018/9/23,18,̑,L[Ȃ,Ȃ,ݕ
ޓ,ԓ,L,약,11053,kC,DysL,݂SX,2018/3/1,20,ԁiցj,L[Ȃ,Ȃ,p,ޓ,ԓ,L,약,11053,kC,DysL,݂SX,2018/3/1,20,ԁiցj,L[Ȃ,Ȃ,p
ޓ,ԓ,O,g,13323,kC,,{,2018/3/17,15,ˌZ,L[Ȃ,Ȃ,p,ޓ,ԓ,O,g,13323,kC,,{,2018/3/17,15,ˌZ,L[Ȃ,Ȃ,p
ޓ,ԓ,쒆,鐲,12041,kC,s,鐲PS,2018/8/21,17,̑,L[Ȃ,Ȃ,ꎩ,ޓ,ԓ,쒆,鐲,12041,kC,s,鐲PS,2018/8/21,17,̑,L[Ȃ,Ȃ,ꎩ
ޓ,ԓ,[,,12289,kC,[s,kQ,2018/10/12,17,ԁiցj,L[Ȃ,Ȃ,ݕ,ޓ,ԓ,[,,12289,kC,[s,kQ,2018/10/12,17,ԁiցj,L[Ȃ,Ȃ,ݕ
ޓ,ԓ,쓌,,14583,kC,쒬,kP,2018/7/6,16,̑,L[Ȃ,Ȃ,ꎩ,ޓ,ԓ,쓌,,14583,kC,쒬,kP,2018/7/6,16,̑,L[Ȃ,Ȃ,ꎩ
ޓ,ԓ,쓌,쐼,14583,kC,쒬,kV,2018/9/7,19,ԁiցj,L[Ȃ,Ȃ,ݕ,ޓ,ԓ,쓌,쐼,14583,kC,쒬,kV,2018/9/7,19,ԁiցj,L[Ȃ,Ȃ,ݕ
ޓ,ԓ,H,j,16616,kC,H,rT,2018/8/12,0,̑̏ZiRKĈȉZj,L[Ȃ,Ȃ,p,ޓ,ԓ,H,j,16616,kC,H,rT,2018/8/12,0,̑̏ZiRKĈȉZj,L[Ȃ,Ȃ,p
ޓ,ԓ,эL,吳,12076,kC,эLs,,2018/8/1,19,̑,L[Ȃ,Ȃ,ꎩ,ޓ,ԓ,эL,吳,12076,kC,эLs,,2018/8/1,19,̑,L[Ȃ,Ȃ,ꎩ
ޓ,ԓ,k,,12084,kC,ks,,2018/4/6,9,̑,L[Ȃ,Ȃ,p,ޓ,ԓ,k,,12084,kC,ks,,2018/4/6,9,̑,L[Ȃ,Ȃ,p
ޓ,ԓ,,,15601,kC,㒬,TN[,s,s,̑̏ZiRKĈȉZj,L[Ȃ,Ȃ,ꎩ,ޓ,ԓ,,,15601,kC,㒬,TN[,s,s,̑̏ZiRKĈȉZj,L[Ȃ,Ȃ,ꎩ
