ߖ,,Ǌx@inj,ǊԁEݏinj,s撬R[hinj,s{inj,s撬inj,ځinj,Ninj,inj,ꏊ̑,Q̗L
ޓ,̔@˂炢,,,011011,kC,Dys,X𐼂P,2018-08-09,12,̑,
ޓ,̔@˂炢,,O,011011,kC,Dys,Q𐼂X,2018-03-12,14,̑,
ޓ,̔@˂炢,,k,011011,kC,Dys,kQ𓌂R,2018-09-05,13,H,
ޓ,̔@˂炢,,k,011011,kC,Dys,kQ𓌂R,2018-10-02,21,̑,
ޓ,̔@˂炢,,L,011011,kC,Dys,Q𓌂R,2018-08-14,14,̑,
ޓ,̔@˂炢,,Dy,011045,kC,Dys΋,PQ,2018-05-10,13,̑,
ޓ,̔@˂炢,,,011045,kC,Dys΋,eWR,2018-10-25,16,̑,
ޓ,̔@˂炢,,Β,011045,kC,Dys΋,QP,2018-05-27,00,̑,
ޓ,̔@˂炢,,Β,011045,kC,Dys΋,QR,2018-07-31,18,̑,
ޓ,̔@˂炢,,Β,011045,kC,Dys΋,RS,2018-12-02,16,̑,
ޓ,̔@˂炢,,Β,011045,kC,Dys΋,{ʂSږk,2018-08-16,16,̑,
ޓ,̔@˂炢,,k,011045,kC,Dys΋,kSS,2018-12-02,13,̑,
ޓ,̔@˂炢,,k,011045,kC,Dys΋,k,2018-08-27,02,̑,
ޓ,̔@˂炢,,,011045,kC,Dys΋,aʂXړ,2018-03-03,18,̑,
ޓ,̔@˂炢,,,011045,kC,Dys΋,aʂPPږk,2018-11-29,10,̑,
ޓ,̔@˂炢,,,011045,kC,Dys΋,aʂPPږk,2018-12-02,23,H,
ޓ,̔@˂炢,,ks,011045,kC,Dys΋,k,2018-08-25,18,̑,
ޓ,̔@˂炢,,ks,011045,kC,Dys΋,쉺,2017-12-30,08,̑,
ޓ,̔@˂炢,,ks,011045,kC,Dys΋,쉺,2018-08-26,18,̑,Ȃ
ޓ,̔@˂炢,,e,011045,kC,Dys΋,ėRR,2018-08-27,00,̑,
ޓ,̔@˂炢,,~R,011011,kC,Dys,kP𐼂QR,2018-09-25,08,̑,
ޓ,̔@˂炢,,{̐X,011011,kC,Dys,Ռk,2018-01-05,18,̑,
ޓ,̔@˂炢,,{̐X,011011,kC,Dys,Ռk,2018-07-28,00,̑,
ޓ,̔@˂炢,,SHcn,011070,kC,Dys,PSPR,2018-08-20,17,̑,
ޓ,̔@˂炢,,SHcn,011070,kC,Dys,PTPR,2018-08-20,20,̑,
ޓ,̔@˂炢,,SHcn,011070,kC,Dys,PUPS,2018-08-20,18,̑,
ޓ,̔@˂炢,,,011070,kC,Dys,,2018-07-27,21,̑,
ޓ,̔@˂炢,,c,011037,kC,Dys,c䒬X,2018-05-02,16,̑,Ȃ
ޓ,̔@˂炢,,k\,011037,kC,Dys,kRQ𓌂U,2018-03-26,16,H,
ޓ,̔@˂炢,],y,012173,kC,]ʎs,y,2018-09-02,18,̑,Ȃ
ޓ,̔@˂炢,,Vx,012246,kC,Ύs,kzV,2018-03-03,20,ԁiցj,
ޓ,̔@˂炢,,{,012246,kC,Ύs,,2018-04-27,16,̑,
ޓ,̔@˂炢,,x┌,012246,kC,Ύs,x┌Ή,2018-01-02,23,̑,
ޓ,̔@˂炢,,,012246,kC,Ύs,,2018-04-06,09,̑,
ޓ,̔@˂炢,,,012246,kC,Ύs,a,2018-04-05,16,̑,
ޓ,̔@˂炢,,b,012319,kC,bs,b,2018-08-02,19,̑,
ޓ,̔@˂炢,,b,012319,kC,bs,ˈ,2018-12-06,13,̑,
ޓ,̔@˂炢,,,012319,kC,bs,,2018-04-27,06,̑,
ޓ,̔@˂炢,,bݖ,012319,kC,bs,t,2018-03-21,16,̑,
ޓ,̔@˂炢,,Zg,012246,kC,Ύs,P,2017-12-27,19,̑,
ޓ,̔@˂炢,〈,y,012106,kC,〈s,y,2018-11-21,18,̑,
ޓ,̔@˂炢,〈,y,012106,kC,〈s,y,2018-11-21,19,̑,
ޓ,̔@˂炢,IR,쒷,014281,kC,,T,2018-02-02,22,̑,
ޓ,̔@˂炢,IR,k,014281,kC,,Uk,2018-03-02,15,̑,
ޓ,̔@˂炢,M,,012033,kC,Ms,Q,2018-02-24,09,ԁiցj,
ޓ,̔@˂炢,]s,m,014079,kC,mؒ,W,2018-07-29,10,̑,
ޓ,̔@˂炢,,x,014010,kC,a,x,2018-07-24,16,̑,
ޓ,̔@˂炢,ɒB,Ή,015750,kC,s˒,aVR,2018-01-03,17,̑,
ޓ,̔@˂炢,ɒB,Ή,015750,kC,s˒,aVR,2018-01-05,10,̑,
ޓ,̔@˂炢,ɒB,vۓ,015750,kC,s˒,vۓ,2018-03-20,20,̑,
ޓ,̔@˂炢,Ϗq,wO,012131,kC,Ϗqs,`P,2018-12-22,15,̑,
ޓ,̔@˂炢,Ϗq,wO,012131,kC,Ϗqs,ᑐS,2018-08-15,13,̑,
ޓ,̔@˂炢,Ϗq,wO,012131,kC,Ϗqs,VP,2018-12-24,18,̑,
ޓ,̔@˂炢,Ϗq,m[,012131,kC,Ϗqs,E,2018-08-23,22,̑,
ޓ,̔@˂炢,Ϗq,щ,012131,kC,Ϗqs,MO,2018-06-29,20,H,
ޓ,̔@˂炢,Ϗq,щ,012131,kC,Ϗqs,щ,2018-06-29,15,̑,
ޓ,̔@˂炢,Ϗq,,015857,kC,,h,2018-02-23,13,̑,
ޓ,̔@˂炢,Ϗq,,015857,kC,,ki,2018-03-28,16,̑,
ޓ,̔@˂炢,Ϗq,^,015814,kC,^,,2018-03-31,08,̑,
ޓ,̔@˂炢,Ϗq,V,015784,kC,V,΋uS,2018-07-28,17,̑,
ޓ,̔@˂炢,Ϗq,,012131,kC,Ϗqs,VP,2018-02-20,18,̑,
ޓ,̔@˂炢,Ϗq,,012131,kC,Ϗqs,VP,2018-11-28,19,̑,
ޓ,̔@˂炢,Ϗq,,012131,kC,Ϗqs,VR,2018-12-24,17,̑,
ޓ,̔@˂炢,Ϗq,,012131,kC,Ϗqs,VS,2018-11-26,23,̑,
ޓ,̔@˂炢,Ϗq,,012131,kC,Ϗqs,VU,2018-11-09,18,̑,
ޓ,̔@˂炢,Ϗq,,012131,kC,Ϗqs,VJS,2018-04-28,11,̑,
ޓ,̔@˂炢,Ϗq,,012131,kC,Ϗqs,VJS,2018-05-15,23,̑,
ޓ,̔@˂炢,Ϗq,,012131,kC,Ϗqs,S,2018-11-09,21,̑,
ޓ,̔@˂炢,Ϗq,m[k,012131,kC,Ϗqs,Ac,2018-04-06,10,̑,
ޓ,̔@˂炢,Ϗq,m[k,012131,kC,Ϗqs,EV,2018-11-28,18,̑,
ޓ,̔@˂炢,,x,016012,kC,,x쐼PO,2018-03-28,16,̑,
ޓ,̔@˂炢,Ó,V,016047,kC,V,],2018-03-14,11,̑,
ޓ,̔@˂炢,,,011011,kC,Dys,PX𐼂PU,2018-05-20,15,̑,
ޓ,̔@˂炢,k,H,011029,kC,Dysk,HH,2018-08-11,15,̑,Ȃ
ޓ,̔@˂炢,k,,013030,kC,ʒ,,2018-01-07,20,̑,
ޓ,̔@˂炢,k,,013030,kC,ʒ,Ί,2018-01-07,17,̑,Ȃ
ޓ,̔@˂炢,L,̓,011053,kC,DysL,̓QW,2018-08-23,11,̑,
ޓ,̔@˂炢,L,,011053,kC,DysL,݂QP,2018-09-25,20,̑,
ޓ,̔@˂炢,L,,011053,kC,DysL,݂QP,2018-12-02,18,̑,
ޓ,̔@˂炢,L,,011053,kC,DysL,݂RP,s,s,H,
ޓ,̔@˂炢,L,약,011053,kC,DysL,݂QPQ,2018-09-26,00,̑,
ޓ,̔@˂炢,L,,011053,kC,DysL,ʂQ,2018-05-19,20,̑,
ޓ,̔@˂炢,L,,011053,kC,DysL,ʂU,2018-01-31,20,̑,
ޓ,̔@˂炢,L,,011053,kC,DysL,RPT,2018-12-02,22,̑,Ȃ
ޓ,̔@˂炢,,֌,012343,kC,kLs,,2018-04-27,19,̑,
ޓ,̔@˂炢,,֌,012343,kC,kLs,m,2017-12-29,13,̑,
ޓ,̔@˂炢,,֌,012343,kC,kLs,m,2017-12-29,21,̑,
ޓ,̔@˂炢,,֌,012343,kC,kLs,m,2018-03-03,21,̑,
ޓ,̔@˂炢,,֌,012343,kC,kLs,m,2018-03-19,15,̑,
ޓ,̔@˂炢,ْ,{,012025,kC,َs,ΐ쒬,2018-01-27,17,̑,
ޓ,̔@˂炢,ْ,,012025,kC,َs,쒬,2018-08-04,08,̑,
ޓ,̔@˂炢,ْ,,012025,kC,َs,u,2018-08-04,19,̑,
ޓ,̔@˂炢,ْ,x,012025,kC,َs,xP,2018-05-17,20,̑,
ޓ,̔@˂炢,ْ,j[,012025,kC,َs,ΐ쒬,2018-02-18,10,̑,
ޓ,̔@˂炢,ْ,,013374,kC,ђ,,2018-07-14,10,̑,
ޓ,̔@˂炢,ْ,,013374,kC,ђ,咆RQ,2018-08-27,13,̑,Ȃ
ޓ,̔@˂炢,ْ,,013374,kC,ђ,,2018-02-04,15,̑,
ޓ,̔@˂炢,ْ,,013374,kC,ђ,,2018-02-17,20,̑,
ޓ,̔@˂炢,ْ,,013374,kC,ђ,,2018-03-24,15,ԁiցj,
ޓ,̔@˂炢,ْ,,013374,kC,ђ,,2018-05-01,15,̑,
ޓ,̔@˂炢,ْ,,012360,kC,kls,J,2018-07-20,10,̑,Ȃ
ޓ,̔@˂炢,ْ,,012360,kC,kls,,2018-05-05,17,̑,
ޓ,̔@˂炢,ْ,,012360,kC,kls,,2018-05-02,17,̑,
ޓ,̔@˂炢,ْ,,012360,kC,kls,R,2018-05-02,16,̑,
ޓ,̔@˂炢,ْ,dl,012360,kC,kls,dlQ,2018-07-30,20,̑,Ȃ
ޓ,̔@˂炢,ْ,dl,012360,kC,kls,dlQ,2018-08-12,10,̑,Ȃ
ޓ,̔@˂炢,ْ,dl,012360,kC,kls,dlS,2018-02-24,09,̑,Ȃ
ޓ,̔@˂炢,ِ,\X,012025,kC,َs,ٓV,2018-07-15,17,̑,Ȃ
ޓ,̔@˂炢,ِ,\X,012025,kC,َs,ٓV,2018-08-09,10,̑,Ȃ
ޓ,̔@˂炢,X,ݒn,013455,kC,X,Ւ,2018-02-21,16,̑,
ޓ,̔@˂炢,X,ݒn,013455,kC,X,X쒬,2018-02-23,15,̑,
ޓ,̔@˂炢,_,ݒn,013463,kC,_,ԉY,2018-03-17,09,ԁiցj,
ޓ,̔@˂炢,_,c,013463,kC,_,,2018-03-16,12,̑,
ޓ,̔@˂炢,،Ó,,013340,kC,،Ó,T,2018-05-04,16,ԁiցj,
ޓ,̔@˂炢,],G,013633,kC,򕔒,؊ԓ,2018-02-17,12,̑,
ޓ,̔@˂炢,쒆,,012041,kC,s,֌,2018-10-18,14,̑,Ȃ
ޓ,̔@˂炢,쓌,iR,012041,kC,s,iRPQR,2018-08-19,16,̑,Ȃ
ޓ,̔@˂炢,H,h,012068,kC,Hs,l,2018-11-02,19,̑,
ޓ,̔@˂炢,H,,012068,kC,Hs,ʂQ,2018-11-24,22,̑,
ޓ,̔@˂炢,,y,016624,kC,ݒ,y,2018-11-11,17,̑,
ޓ,̔@˂炢,эL,l,012076,kC,эLs,POPV,2018-09-27,18,̑,
ޓ,̔@˂炢,эL,wO,012076,kC,эLs,QPQ,2018-06-13,17,̑,
ޓ,̔@˂炢,эL,ё,012076,kC,эLs,PVP,2018-07-03,19,̑,
ޓ,̔@˂炢,эL,ё,012076,kC,эLs,PWP,2018-06-28,19,̑,
ޓ,̔@˂炢,эL,ё,012076,kC,эLs,PWP,2018-07-08,20,̑,
ޓ,̔@˂炢,эL,ё,012076,kC,эLs,PWP,2018-09-03,19,̑,
ޓ,̔@˂炢,эL,ё,012076,kC,эLs,PXP,2018-11-29,16,̑,
ޓ,̔@˂炢,эL,ё,012076,kC,эLs,PXP,2018-12-08,17,̑,
ޓ,̔@˂炢,эL,эL,012076,kC,эLs,PWkP,2018-06-16,18,̑,
ޓ,̔@˂炢,эL,эL,012076,kC,эLs,PWkP,2018-09-22,12,̑,
ޓ,̔@˂炢,эL,эL,012076,kC,эLs,PWkP,2018-09-22,21,̑,
ޓ,̔@˂炢,эL,эL,012076,kC,эLs,PXkP,2018-06-30,18,̑,
ޓ,̔@˂炢,эL,эL,012076,kC,эLs,QOkQ,2018-06-02,17,̑,
ޓ,̔@˂炢,эL,эL,012076,kC,эLs,QOkQ,2018-06-02,19,̑,
ޓ,̔@˂炢,эL,эL,012076,kC,эLs,QPP,2018-11-03,15,̑,
ޓ,̔@˂炢,эL,эL,012076,kC,эLs,QRkQ,2018-08-06,19,̑,
ޓ,̔@˂炢,эL,эL,012076,kC,эLs,QSkP,2018-04-26,16,̑,
ޓ,̔@˂炢,эL,эL,012076,kC,эLs,QSkP,2018-11-26,19,̑,
ޓ,̔@˂炢,эL,эL,012076,kC,эLs,QSkQ,2018-11-09,19,̑,
ޓ,̔@˂炢,эL,эL,012076,kC,эLs,QTkP,2018-06-26,18,̑,
ޓ,̔@˂炢,эL,эL,012076,kC,эLs,QTkP,2018-08-17,17,̑,
ޓ,̔@˂炢,эL,ؖ,016314,kC,X,ʂQO,2018-11-18,14,̑,
ޓ,̔@˂炢,эL,X,016314,kC,X,VʖkP,2018-06-29,18,̑,
ޓ,̔@˂炢,эL,X,016314,kC,X,XQ,2018-06-23,20,̑,
ޓ,̔@˂炢,эL,D,016438,kC,ʒ,Dt,2018-07-11,19,̑,
ޓ,̔@˂炢,эL,D,016438,kC,ʒ,Dh,2018-07-13,21,̑,
ޓ,̔@˂炢,эL,D,016438,kC,ʒ,DVk,2018-09-29,19,̑,
ޓ,̔@˂炢,эL,D,016438,kC,ʒ,Dْ݂,2018-08-23,19,̑,
ޓ,̔@˂炢,эL,莺,016373,kC,莺,莺,2018-05-03,09,̑,
ޓ,̔@˂炢,эL,莺,016373,kC,莺,莺,2018-05-12,18,̑,
ޓ,̔@˂炢,эL,莺,016373,kC,莺,莺,2018-08-10,19,̑,Ȃ
ޓ,̔@˂炢,эL,莺,016373,kC,莺,莺kP,2018-04-28,15,̑,
ޓ,̔@˂炢,эL,莺,016373,kC,莺,莺kP,2018-05-03,16,̑,
ޓ,̔@˂炢,эL,莺,016373,kC,莺,莺kP,2018-08-18,17,̑,
ޓ,̔@˂炢,эL,吳,012076,kC,эLs,,2018-08-14,00,̑,
ޓ,̔@˂炢,эL,吳,012076,kC,эLs,R,2018-08-04,18,̑,
ޓ,̔@˂炢,эL,쐼,012076,kC,эLs,쐼,2018-04-03,18,̑,
ޓ,̔@˂炢,эL,쐼,012076,kC,эLs,L,2018-04-15,17,̑,
ޓ,̔@˂炢,эL,D,016381,kC,D,VQ,2018-08-24,16,̑,
ޓ,̔@˂炢,эL,X,016390,kC,Xʑ,XʓT,2018-08-25,18,̑,Ȃ
ޓ,̔@˂炢,эL,,012076,kC,эLs,󒬂P,2018-02-14,17,̑,
ޓ,̔@˂炢,эL,,012076,kC,эLs,쒬V,2018-08-17,17,̑,
ޓ,̔@˂炢,эL,c,012076,kC,эLs,cX,2018-10-31,21,̑,
ޓ,̔@˂炢,эL,c,012076,kC,эLs,ʓQX,2018-09-12,20,̑,
ޓ,̔@˂炢,эL,c,012076,kC,эLs,PTQW,2018-10-19,19,̑,
ޓ,̔@˂炢,эL,c,012076,kC,эLs,PWRU,2018-08-06,17,̑,
ޓ,̔@˂炢,L,,016411,kC,,U,2018-08-21,15,̑,
ޓ,̔@˂炢,ԑ,,012114,kC,ԑs,kl,2018-09-17,16,̑,Ȃ
