罪名,手口,管轄警察署（発生地）,管轄交番・駐在所（発生地）,市区町村コード（発生地）,都道府県（発生地）,市区町村（発生地）,町丁目（発生地）,発生年月日（始期）,発生時（始期）,発生場所の属性,現金以外の主な被害品
窃盗,部品ねらい,中央,札幌駅前,11011,北海道,札幌市中央区,北５条西４丁目,2018/9/16,20,その他,その他
窃盗,部品ねらい,中央,大通,11011,北海道,札幌市中央区,大通東１丁目,2018/10/9,14,道路上,その他
窃盗,部品ねらい,中央,南三条,11011,北海道,札幌市中央区,大通西１０丁目,2018/8/12,16,道路上,タイヤ・ホイール
窃盗,部品ねらい,中央,南三条,11011,北海道,札幌市中央区,南２条西１０丁目,2018/7/20,9,その他,その他
窃盗,部品ねらい,中央,南三条,11011,北海道,札幌市中央区,南４条西６丁目,2018/11/30,15,駐車（輪）場,ナンバープレート
窃盗,部品ねらい,中央,南三条,11011,北海道,札幌市中央区,南７条西８丁目,2018/3/29,18,駐車（輪）場,その他
窃盗,部品ねらい,中央,南三条,11011,北海道,札幌市中央区,南７条西９丁目,2018/11/25,15,駐車（輪）場,その他
窃盗,部品ねらい,中央,北一条西,11011,北海道,札幌市中央区,南１条西１７丁目,2018/4/18,13,その他,その他
窃盗,部品ねらい,中央,御幸,11011,北海道,札幌市中央区,南１条西１３丁目,2018/4/24,8,駐車（輪）場,ナンバープレート
窃盗,部品ねらい,中央,御幸,11011,北海道,札幌市中央区,南４条西１５丁目,2018/9/25,15,４階建て以上共同住宅,その他
窃盗,部品ねらい,中央,御幸,11011,北海道,札幌市中央区,南６条西１８丁目,2018/3/21,8,駐車（輪）場,その他
窃盗,部品ねらい,中央,苗穂駅前,11011,北海道,札幌市中央区,北３条東１３丁目,2018/7/24,7,駐車（輪）場,その他
窃盗,部品ねらい,白石,東橋,11045,北海道,札幌市白石区,菊水７条２丁目,2018/5/2,7,駐車（輪）場,ナンバープレート
窃盗,部品ねらい,白石,東橋,11045,北海道,札幌市白石区,菊水上町４条４丁目,2018/11/19,6,駐車（輪）場,その他
窃盗,部品ねらい,白石,東橋,11045,北海道,札幌市白石区,菊水上町,2017/12/29,7,その他,その他
窃盗,部品ねらい,白石,菊水,11045,北海道,札幌市白石区,菊水１条１丁目,2018/5/9,11,その他,ナンバープレート
窃盗,部品ねらい,白石,白石中央,11045,北海道,札幌市白石区,中央３条５丁目,2018/7/20,19,駐車（輪）場,タイヤ・ホイール
窃盗,部品ねらい,白石,白石中央,11045,北海道,札幌市白石区,平和通２丁目北,2018/2/14,19,駐車（輪）場,タイヤ・ホイール
窃盗,部品ねらい,白石,白石中央,11045,北海道,札幌市白石区,本通６丁目北,2018/5/18,17,４階建て以上共同住宅,ナンバープレート
窃盗,部品ねらい,白石,白石中央,11045,北海道,札幌市白石区,本通６丁目北,2018/5/23,18,４階建て以上共同住宅,ナンバープレート
窃盗,部品ねらい,白石,北郷,11045,北海道,札幌市白石区,北郷１条７丁目,2018/4/27,22,駐車（輪）場,タイヤ・ホイール
窃盗,部品ねらい,白石,北郷,11045,北海道,札幌市白石区,北郷４条８丁目,2018/5/31,8,その他,その他
窃盗,部品ねらい,白石,北郷,11045,北海道,札幌市白石区,北郷５条３丁目,2018/2/23,17,道路上,ナンバープレート
窃盗,部品ねらい,白石,北郷,11045,北海道,札幌市白石区,北郷６条１０丁目,2018/12/23,18,４階建て以上共同住宅,ナンバープレート
窃盗,部品ねらい,白石,北郷,11045,北海道,札幌市白石区,北郷７条１０丁目,2018/12/20,18,駐車（輪）場,ナンバープレート
窃盗,部品ねらい,白石,北郷,11045,北海道,札幌市白石区,北郷８条３丁目,2018/9/6,4,駐車（輪）場,ナンバープレート
窃盗,部品ねらい,白石,南郷,11045,北海道,札幌市白石区,南郷通３丁目北,2018/9/24,0,駐車（輪）場,その他
窃盗,部品ねらい,白石,南郷,11045,北海道,札幌市白石区,本郷通２丁目南,2018/9/11,18,駐車（輪）場,タイヤ・ホイール
窃盗,部品ねらい,白石,南郷,11045,北海道,札幌市白石区,本郷通１２丁目南,2017/7/20,不明,４階建て以上共同住宅,ナンバープレート
窃盗,部品ねらい,白石,南郷,11045,北海道,札幌市白石区,本郷通１２丁目南,2018/12/23,22,一戸建住宅,その他
窃盗,部品ねらい,白石,南郷,11045,北海道,札幌市白石区,本郷通７丁目北,2018/12/20,18,駐車（輪）場,その他
窃盗,部品ねらい,白石,東白石,11045,北海道,札幌市白石区,南郷通１７丁目北,2018/10/21,18,駐車（輪）場,ナンバープレート
窃盗,部品ねらい,白石,東白石,11045,北海道,札幌市白石区,本通１９丁目南,2018/7/10,21,４階建て以上共同住宅,その他
窃盗,部品ねらい,白石,東白石,11045,北海道,札幌市白石区,流通センター５丁目,2018/8/8,18,駐車（輪）場,タイヤ・ホイール
窃盗,部品ねらい,白石,北都,11045,北海道,札幌市白石区,川北１条３丁目,2018/10/22,20,一戸建住宅,その他
窃盗,部品ねらい,白石,北都,11045,北海道,札幌市白石区,川北,2018/2/20,16,駐車（輪）場,その他
窃盗,部品ねらい,白石,北都,11045,北海道,札幌市白石区,川北,2018/5/14,15,その他,その他
窃盗,部品ねらい,白石,北都,11045,北海道,札幌市白石区,川北,2018/5/17,15,その他,ナンバープレート
窃盗,部品ねらい,白石,北都,11045,北海道,札幌市白石区,川下,2018/2/8,18,その他,その他
窃盗,部品ねらい,白石,北都,11045,北海道,札幌市白石区,川下,2018/9/7,14,駐車（輪）場,その他
窃盗,部品ねらい,白石,北都,11045,北海道,札幌市白石区,北郷４条１１丁目,2018/7/20,不明,駐車（輪）場,ナンバープレート
窃盗,部品ねらい,白石,北都,11045,北海道,札幌市白石区,北郷４条１１丁目,2018/11/30,18,その他,タイヤ・ホイール
窃盗,部品ねらい,白石,菊水元町,11045,北海道,札幌市白石区,東米里,2018/2/20,15,その他,ナンバープレート
窃盗,部品ねらい,白石,菊水元町,11045,北海道,札幌市白石区,東米里,2018/7/31,19,その他,その他
窃盗,部品ねらい,白石,菊水元町,11045,北海道,札幌市白石区,東米里,2018/8/1,8,その他,ナンバープレート
窃盗,部品ねらい,白石,菊水元町,11045,北海道,札幌市白石区,東米里,2018/8/3,17,その他,その他
窃盗,部品ねらい,白石,菊水元町,11045,北海道,札幌市白石区,米里１条２丁目,2018/12/18,12,一戸建住宅,ナンバープレート
窃盗,部品ねらい,白石,菊水元町,11045,北海道,札幌市白石区,米里５条２丁目,2017/10/10,不明,その他,その他
窃盗,部品ねらい,西,二十四軒,11070,北海道,札幌市西区,二十四軒１条７丁目,2018/5/13,19,その他,その他
窃盗,部品ねらい,西,琴似駅前,11070,北海道,札幌市西区,琴似１条３丁目,2018/5/18,20,４階建て以上共同住宅,その他
窃盗,部品ねらい,西,琴似駅前,11070,北海道,札幌市西区,琴似３条１丁目,2018/5/11,10,駐車（輪）場,その他
窃盗,部品ねらい,西,琴似駅前,11070,北海道,札幌市西区,琴似３条１丁目,2018/9/28,20,駐車（輪）場,その他
窃盗,部品ねらい,西,琴似駅前,11070,北海道,札幌市西区,八軒１条東２丁目,2018/8/20,21,４階建て以上共同住宅,タイヤ・ホイール
窃盗,部品ねらい,西,琴似本通,11070,北海道,札幌市西区,,2018/7/16,19,その他,ナンバープレート
窃盗,部品ねらい,西,琴似本通,11070,北海道,札幌市西区,山の手３条２丁目,2018/4/17,17,４階建て以上共同住宅,その他
窃盗,部品ねらい,西,宮の森,11011,北海道,札幌市中央区,盤渓,2018/2/9,17,駐車（輪）場,ナンバープレート
窃盗,部品ねらい,西,発寒,11070,北海道,札幌市西区,発寒６条１０丁目,2018/6/15,23,一戸建住宅,タイヤ・ホイール
窃盗,部品ねらい,西,発寒,11070,北海道,札幌市西区,発寒８条１２丁目,2018/10/16,11,駐車（輪）場,その他
窃盗,部品ねらい,西,発寒,11070,北海道,札幌市西区,発寒９条１３丁目,2018/7/24,11,駐車（輪）場,その他
窃盗,部品ねらい,西,鉄工団地,11070,北海道,札幌市西区,発寒１６条１３丁目,2018/6/9,15,その他,カーナビ
窃盗,部品ねらい,西,鉄工団地,11070,北海道,札幌市西区,発寒１７条３丁目,2018/9/14,19,駐車（輪）場,その他
窃盗,部品ねらい,西,西町,11070,北海道,札幌市西区,西町南１０丁目,2018/6/11,18,その他,その他
窃盗,部品ねらい,西,西町,11070,北海道,札幌市西区,西町南１０丁目,2018/6/14,18,その他,その他
窃盗,部品ねらい,西,西町,11070,北海道,札幌市西区,西町南１１丁目,2018/3/31,13,その他,その他
窃盗,部品ねらい,西,西町,11070,北海道,札幌市西区,西町南１１丁目,2018/6/25,17,その他,その他
窃盗,部品ねらい,西,西町,11070,北海道,札幌市西区,宮の沢１条１丁目,2018/8/26,7,駐車（輪）場,タイヤ・ホイール
窃盗,部品ねらい,西,西町,11070,北海道,札幌市西区,宮の沢１条１丁目,2018/9/15,11,駐車（輪）場,その他
窃盗,部品ねらい,西,西野,11070,北海道,札幌市西区,小別沢,2018/8/12,18,その他,その他
窃盗,部品ねらい,東,苗穂,11037,北海道,札幌市東区,北７条東１８丁目,2018/6/4,19,駐車（輪）場,タイヤ・ホイール
窃盗,部品ねらい,東,苗穂,11037,北海道,札幌市東区,北８条東１９丁目,2018/8/13,17,その他の住宅（３階建て以下共同住宅等）,タイヤ・ホイール
窃盗,部品ねらい,東,苗穂,11037,北海道,札幌市東区,本町２条２丁目,2018/5/20,16,駐車（輪）場,ナンバープレート
窃盗,部品ねらい,東,北十二条東,11037,北海道,札幌市東区,北１２条東１０丁目,2018/4/7,23,駐車（輪）場,その他
窃盗,部品ねらい,東,北十二条東,11037,北海道,札幌市東区,北１９条東１９丁目,2018/6/13,19,一戸建住宅,タイヤ・ホイール
窃盗,部品ねらい,東,栄西,11037,北海道,札幌市東区,北４１条東１丁目,2018/3/30,10,駐車（輪）場,その他
窃盗,部品ねらい,東,北二十六条,11037,北海道,札幌市東区,北２０条東６丁目,2018/9/10,0,駐車（輪）場,タイヤ・ホイール
窃盗,部品ねらい,東,北二十六条,11037,北海道,札幌市東区,北３２条東７丁目,2018/5/27,16,４階建て以上共同住宅,その他
窃盗,部品ねらい,東,元町,11037,北海道,札幌市東区,北２３条東１６丁目,2018/7/18,8,駐車（輪）場,その他
窃盗,部品ねらい,東,東苗穂,11037,北海道,札幌市東区,伏古３条３丁目,2018/4/5,17,駐車（輪）場,その他
窃盗,部品ねらい,東,丘珠,11037,北海道,札幌市東区,中沼町,2018/8/9,19,その他,その他
窃盗,部品ねらい,東,丘珠,11037,北海道,札幌市東区,中沼町,2018/8/15,12,その他,ナンバープレート
窃盗,部品ねらい,東,丘珠,11037,北海道,札幌市東区,中沼西１条１丁目,2018/8/30,21,その他,その他
窃盗,部品ねらい,東,栄東,11037,北海道,札幌市東区,北３８条東９丁目,2018/5/4,15,その他の住宅（３階建て以下共同住宅等）,その他
窃盗,部品ねらい,東,栄東,11037,北海道,札幌市東区,北４０条東１４丁目,2018/2/23,21,４階建て以上共同住宅,その他
窃盗,部品ねらい,東,栄東,11037,北海道,札幌市東区,北４１条東１３丁目,2018/12/24,21,その他の住宅（３階建て以下共同住宅等）,その他
窃盗,部品ねらい,東,栄東,11037,北海道,札幌市東区,北４６条東１９丁目,2018/2/13,7,駐車（輪）場,その他
窃盗,部品ねらい,東,札苗,11037,北海道,札幌市東区,東雁来町,2018/3/8,19,その他,ナンバープレート
窃盗,部品ねらい,東,札苗,11037,北海道,札幌市東区,東苗穂８条２丁目,2018/8/4,1,駐車（輪）場,タイヤ・ホイール
窃盗,部品ねらい,江別,駅前,12173,北海道,江別市,２条４丁目,2018/4/23,7,駐車（輪）場,ナンバープレート
窃盗,部品ねらい,江別,駅前,12173,北海道,江別市,緑町西１丁目,2018/5/4,23,駐車（輪）場,ナンバープレート
窃盗,部品ねらい,江別,駅前,12173,北海道,江別市,元江別,2018/5/15,21,一戸建住宅,ナンバープレート
窃盗,部品ねらい,江別,駅前,12173,北海道,江別市,元江別,2018/12/10,17,駐車（輪）場,その他
窃盗,部品ねらい,江別,駅前,12173,北海道,江別市,弥生町,2018/5/4,10,駐車（輪）場,ナンバープレート
窃盗,部品ねらい,江別,駅前,12173,北海道,江別市,見晴台,2018/5/12,16,道路上,ナンバープレート
窃盗,部品ねらい,江別,駅前,12173,北海道,江別市,見晴台,2018/9/3,19,駐車（輪）場,ナンバープレート
窃盗,部品ねらい,江別,角山,12173,北海道,江別市,角山,2018/7/18,15,その他,その他
窃盗,部品ねらい,江別,角山,12173,北海道,江別市,美原,2018/5/26,19,その他,タイヤ・ホイール
窃盗,部品ねらい,江別,角山,12173,北海道,江別市,美原,2018/11/6,17,道路上,その他
窃盗,部品ねらい,江別,野幌,12173,北海道,江別市,錦町,2018/6/10,17,駐車（輪）場,その他
窃盗,部品ねらい,江別,野幌,12173,北海道,江別市,野幌代々木町,2018/4/30,21,その他の住宅（３階建て以下共同住宅等）,ナンバープレート
窃盗,部品ねらい,江別,野幌,12173,北海道,江別市,野幌町,2018/10/2,8,駐車（輪）場,その他
窃盗,部品ねらい,江別,野幌,12173,北海道,江別市,野幌屯田町,2018/10/12,17,駐車（輪）場,ナンバープレート
窃盗,部品ねらい,江別,大麻,12173,北海道,江別市,大麻園町,2018/10/8,21,駐車（輪）場,その他
窃盗,部品ねらい,江別,大麻,12173,北海道,江別市,大麻中町,2018/4/22,16,駐車（輪）場,その他
窃盗,部品ねらい,江別,大麻,12173,北海道,江別市,大麻中町,2018/7/15,20,駐車（輪）場,その他
窃盗,部品ねらい,江別,大麻,12173,北海道,江別市,大麻宮町,2018/9/18,16,駐車（輪）場,ナンバープレート
窃盗,部品ねらい,江別,朝日,12173,北海道,江別市,江別太,2018/10/20,17,その他,その他
窃盗,部品ねらい,江別,朝日,12173,北海道,江別市,東光町,2018/8/1,8,駐車（輪）場,タイヤ・ホイール
窃盗,部品ねらい,江別,東野幌,12173,北海道,江別市,野幌若葉町,2018/2/5,19,一戸建住宅,その他
窃盗,部品ねらい,江別,東野幌,12173,北海道,江別市,野幌若葉町,2018/9/29,0,駐車（輪）場,その他
窃盗,部品ねらい,江別,東野幌,12173,北海道,江別市,野幌若葉町,2018/10/19,15,その他,その他
窃盗,部品ねらい,江別,東野幌,12173,北海道,江別市,野幌若葉町,2018/10/21,17,駐車（輪）場,その他
窃盗,部品ねらい,江別,東野幌,12173,北海道,江別市,野幌若葉町,2018/10/22,0,一戸建住宅,その他
窃盗,部品ねらい,江別,東野幌,12173,北海道,江別市,野幌若葉町,2018/10/25,23,道路上,その他
窃盗,部品ねらい,江別,東野幌,12173,北海道,江別市,野幌若葉町,2018/11/5,19,一戸建住宅,その他
窃盗,部品ねらい,江別,東野幌,12173,北海道,江別市,野幌若葉町,2018/11/7,3,道路上,その他
窃盗,部品ねらい,江別,東野幌,12173,北海道,江別市,緑ケ丘,2018/5/7,18,一戸建住宅,その他
窃盗,部品ねらい,千歳,駅前,12246,北海道,千歳市,清水町６丁目,2018/11/5,17,その他,ナンバープレート
窃盗,部品ねらい,千歳,駅前,12246,北海道,千歳市,千代田町７丁目,2018/2/2,6,その他,その他
窃盗,部品ねらい,千歳,新富,12246,北海道,千歳市,新富３丁目,2018/2/26,20,その他,ナンバープレート
窃盗,部品ねらい,千歳,新富,12246,北海道,千歳市,自由ケ丘２丁目,2018/2/6,19,駐車（輪）場,タイヤ・ホイール
窃盗,部品ねらい,千歳,新富,12246,北海道,千歳市,北光６丁目,2018/5/9,18,一戸建住宅,その他
窃盗,部品ねらい,千歳,本町,12246,北海道,千歳市,春日町３丁目,2018/8/2,17,駐車（輪）場,タイヤ・ホイール
窃盗,部品ねらい,千歳,本町,12246,北海道,千歳市,真々地４丁目,2018/9/12,12,駐車（輪）場,ナンバープレート
窃盗,部品ねらい,千歳,恵庭,12319,北海道,恵庭市,中島町５丁目,2018/12/14,23,４階建て以上共同住宅,タイヤ・ホイール
窃盗,部品ねらい,千歳,島松,12319,北海道,恵庭市,島松寿町２丁目,2018/10/27,19,駐車（輪）場,ナンバープレート
窃盗,部品ねらい,千歳,新千歳空港,12246,北海道,千歳市,平和,2018/9/29,17,その他,その他
窃盗,部品ねらい,千歳,恵み野,12319,北海道,恵庭市,恵み野西６丁目,2018/12/28,17,その他の住宅（３階建て以下共同住宅等）,ナンバープレート
窃盗,部品ねらい,千歳,住吉,12246,北海道,千歳市,寿２丁目,2018/1/17,19,駐車（輪）場,ナンバープレート
窃盗,部品ねらい,千歳,住吉,12246,北海道,千歳市,旭ヶ丘２丁目,2018/1/17,21,駐車（輪）場,ナンバープレート
窃盗,部品ねらい,千歳,住吉,12246,北海道,千歳市,流通３丁目,2018/1/21,15,駐車（輪）場,ナンバープレート
窃盗,部品ねらい,千歳,恵庭駅前,12319,北海道,恵庭市,住吉町２丁目,2018/11/7,22,駐車（輪）場,ナンバープレート
窃盗,部品ねらい,岩見沢,駅前,12106,北海道,岩見沢市,４条西１７丁目,2018/8/23,18,その他の住宅（３階建て以下共同住宅等）,タイヤ・ホイール
窃盗,部品ねらい,岩見沢,駅前,12106,北海道,岩見沢市,９条西１９丁目,2018/10/15,15,その他,ナンバープレート
窃盗,部品ねらい,岩見沢,駅前,12106,北海道,岩見沢市,元町２条東８丁目,2018/7/9,23,一戸建住宅,タイヤ・ホイール
窃盗,部品ねらい,岩見沢,駅前,12106,北海道,岩見沢市,大和４条８丁目,2018/11/20,13,駐車（輪）場,タイヤ・ホイール
窃盗,部品ねらい,岩見沢,東光,12106,北海道,岩見沢市,３条東１３丁目,2018/8/6,18,その他の住宅（３階建て以下共同住宅等）,タイヤ・ホイール
窃盗,部品ねらい,岩見沢,東光,12106,北海道,岩見沢市,４条東１４丁目,2018/7/4,20,その他,タイヤ・ホイール
窃盗,部品ねらい,岩見沢,東光,12106,北海道,岩見沢市,５条東１１丁目,2018/11/17,17,その他の住宅（３階建て以下共同住宅等）,その他
窃盗,部品ねらい,岩見沢,東光,12106,北海道,岩見沢市,６条東１４丁目,2018/12/13,19,一戸建住宅,ナンバープレート
窃盗,部品ねらい,岩見沢,東光,12106,北海道,岩見沢市,日の出台６丁目,2018/8/30,17,４階建て以上共同住宅,タイヤ・ホイール
窃盗,部品ねらい,岩見沢,月形,14303,北海道,月形町,,2018/5/19,16,駐車（輪）場,ナンバープレート
窃盗,部品ねらい,栗山,角田,14290,北海道,栗山町,字大井分,2018/9/7,12,その他,その他
窃盗,部品ねらい,栗山,長沼,14281,北海道,長沼町,字馬追,2018/7/1,13,その他の住宅（３階建て以下共同住宅等）,その他
窃盗,部品ねらい,栗山,長沼,14281,北海道,長沼町,宮下２丁目,2018/9/13,19,駐車（輪）場,タイヤ・ホイール
窃盗,部品ねらい,栗山,南幌,14231,北海道,南幌町,中央１丁目,2018/9/14,18,駐車（輪）場,タイヤ・ホイール
窃盗,部品ねらい,美唄,駅前,12157,北海道,美唄市,東４条南１丁目,2018/12/4,18,駐車（輪）場,その他
窃盗,部品ねらい,砂川,駅前,12262,北海道,砂川市,東２条北２丁目,2018/1/28,8,駐車（輪）場,その他
窃盗,部品ねらい,滝川,明神,12254,北海道,滝川市,東町５丁目,2018/1/8,22,駐車（輪）場,その他
窃盗,部品ねらい,小樽,長橋,12033,北海道,小樽市,長橋２丁目,2018/10/13,20,駐車（輪）場,その他
窃盗,部品ねらい,小樽,手宮,12033,北海道,小樽市,高島３丁目,2018/2/13,15,一戸建住宅,その他
窃盗,部品ねらい,小樽,最上,12033,北海道,小樽市,入船１丁目,2018/1/9,12,駐車（輪）場,ナンバープレート
窃盗,部品ねらい,小樽,若松,12033,北海道,小樽市,天神２丁目,2018/2/13,16,駐車（輪）場,その他
窃盗,部品ねらい,小樽,若松,12033,北海道,小樽市,天神２丁目,2018/10/9,17,その他,その他
窃盗,部品ねらい,小樽,銭函,12033,北海道,小樽市,銭函１丁目,2018/11/2,18,その他,ナンバープレート
窃盗,部品ねらい,小樽,銭函,12033,北海道,小樽市,銭函３丁目,2018/10/25,17,その他,その他
窃盗,部品ねらい,小樽,朝里,12033,北海道,小樽市,朝里川温泉１丁目,2018/2/14,18,駐車（輪）場,その他
窃盗,部品ねらい,小樽,塩谷,12033,北海道,小樽市,塩谷１丁目,2018/2/13,17,駐車（輪）場,その他
窃盗,部品ねらい,小樽,オタモイ,12033,北海道,小樽市,オタモイ３丁目,2018/2/14,1,その他,その他
窃盗,部品ねらい,余市,沢町,14087,北海道,余市町,沢町,2018/8/8,18,駐車（輪）場,ナンバープレート
窃盗,部品ねらい,伊達,豊浦,15717,北海道,豊浦町,字船見町,2018/4/10,16,駐車（輪）場,その他
窃盗,部品ねらい,室蘭,登別,12301,北海道,登別市,片倉町２丁目,2018/4/11,12,駐車（輪）場,タイヤ・ホイール
窃盗,部品ねらい,室蘭,新生,12301,北海道,登別市,鷲別町２丁目,2018/6/25,17,その他の住宅（３階建て以下共同住宅等）,その他
窃盗,部品ねらい,苫小牧,駅前,12131,北海道,苫小牧市,表町６丁目,2018/1/2,5,その他,その他
窃盗,部品ねらい,苫小牧,駅前,12131,北海道,苫小牧市,表町６丁目,2018/2/22,12,その他,その他
窃盗,部品ねらい,苫小牧,駅前,12131,北海道,苫小牧市,若草町４丁目,2018/6/23,19,駐車（輪）場,その他
窃盗,部品ねらい,苫小牧,双葉,12131,北海道,苫小牧市,住吉町１丁目,2015/3/1,不明,駐車（輪）場,ナンバープレート
窃盗,部品ねらい,苫小牧,山手,12131,北海道,苫小牧市,北光町３丁目,2018/9/8,21,道路上,その他
窃盗,部品ねらい,苫小牧,沼ノ端,12131,北海道,苫小牧市,入船町１丁目,2018/2/8,22,駐車（輪）場,ナンバープレート
窃盗,部品ねらい,苫小牧,沼ノ端,12131,北海道,苫小牧市,東開町３丁目,2018/8/11,17,駐車（輪）場,タイヤ・ホイール
窃盗,部品ねらい,苫小牧,沼ノ端,12131,北海道,苫小牧市,東開町５丁目,2018/9/10,17,駐車（輪）場,タイヤ・ホイール
窃盗,部品ねらい,苫小牧,錦岡,12131,北海道,苫小牧市,美原町２丁目,2018/3/28,14,一戸建住宅,ナンバープレート
窃盗,部品ねらい,苫小牧,錦岡,12131,北海道,苫小牧市,宮前町２丁目,2018/4/15,15,駐車（輪）場,タイヤ・ホイール
窃盗,部品ねらい,苫小牧,錦岡,12131,北海道,苫小牧市,宮前町４丁目,2018/11/11,14,駐車（輪）場,ナンバープレート
窃盗,部品ねらい,苫小牧,早来,15857,北海道,安平町,早来栄町,2018/9/11,19,道路上,なし
窃盗,部品ねらい,苫小牧,早来,15857,北海道,安平町,早来北進,2018/5/14,17,その他,その他
窃盗,部品ねらい,苫小牧,鵡川,15865,北海道,むかわ町,文京３丁目,2018/9/7,15,その他,ナンバープレート
窃盗,部品ねらい,苫小牧,厚真,15814,北海道,厚真町,字本郷,2018/12/14,13,その他,ナンバープレート
窃盗,部品ねらい,苫小牧,白老,15784,北海道,白老町,字白老,2018/2/5,16,その他,ナンバープレート
窃盗,部品ねらい,苫小牧,白老,15784,北海道,白老町,緑丘２丁目,2017/11/20,不明,駐車（輪）場,ナンバープレート
窃盗,部品ねらい,苫小牧,美園,12131,北海道,苫小牧市,柳町３丁目,2018/10/27,8,駐車（輪）場,ナンバープレート
窃盗,部品ねらい,苫小牧,美園,12131,北海道,苫小牧市,柳町４丁目,2018/8/29,18,駐車（輪）場,ナンバープレート
窃盗,部品ねらい,苫小牧,糸井,12131,北海道,苫小牧市,有明町２丁目,2018/2/14,12,一戸建住宅,ナンバープレート
窃盗,部品ねらい,苫小牧,糸井,12131,北海道,苫小牧市,小糸井町１丁目,2018/1/13,19,その他,その他
窃盗,部品ねらい,苫小牧,糸井,12131,北海道,苫小牧市,光洋町３丁目,2018/1/23,1,駐車（輪）場,その他
窃盗,部品ねらい,苫小牧,糸井,12131,北海道,苫小牧市,字錦岡,2018/7/28,13,駐車（輪）場,ナンバープレート
窃盗,部品ねらい,苫小牧,木場,12131,北海道,苫小牧市,春日町３丁目,2018/6/12,23,駐車（輪）場,ナンバープレート
窃盗,部品ねらい,苫小牧,沼ノ端北,12131,北海道,苫小牧市,字植苗,2018/9/15,16,その他,その他
窃盗,部品ねらい,苫小牧,沼ノ端北,12131,北海道,苫小牧市,拓勇東町８丁目,2018/10/22,17,道路上,ナンバープレート
窃盗,部品ねらい,静内,駅前,16101,北海道,新ひだか町,静内青柳町２丁目,2018/4/23,17,一戸建住宅,その他
窃盗,部品ねらい,南,,,,,,2018/1/8,14,その他,ナンバープレート
窃盗,部品ねらい,南,中島,11011,北海道,札幌市中央区,南１３条西１丁目,2018/10/19,0,４階建て以上共同住宅,その他
窃盗,部品ねらい,南,中島,11011,北海道,札幌市中央区,南１５条西４丁目,2018/6/3,9,駐車（輪）場,その他
窃盗,部品ねらい,南,行啓通,11011,北海道,札幌市中央区,南１６条西１４丁目,2018/10/11,16,その他の住宅（３階建て以下共同住宅等）,その他
窃盗,部品ねらい,南,行啓通,11011,北海道,札幌市中央区,南１６条西１４丁目,2018/11/14,19,駐車（輪）場,その他
窃盗,部品ねらい,南,山鼻,11011,北海道,札幌市中央区,南２５条西１２丁目,2018/12/1,9,駐車（輪）場,なし
窃盗,部品ねらい,南,伏見,11011,北海道,札幌市中央区,南１６条西１６丁目,2018/1/8,20,駐車（輪）場,ナンバープレート
窃盗,部品ねらい,南,伏見,11011,北海道,札幌市中央区,南１７条西１８丁目,2018/1/21,15,その他,その他
窃盗,部品ねらい,南,伏見,11011,北海道,札幌市中央区,南１８条西１５丁目,2018/12/12,13,４階建て以上共同住宅,ナンバープレート
窃盗,部品ねらい,南,藤野,11061,北海道,札幌市南区,藤野４条５丁目,2018/9/28,11,一戸建住宅,ナンバープレート
窃盗,部品ねらい,南,北ノ沢,11061,北海道,札幌市南区,川沿２条６丁目,2018/9/15,19,一戸建住宅,ナンバープレート
窃盗,部品ねらい,南,北ノ沢,11061,北海道,札幌市南区,北ノ沢,2018/2/9,21,駐車（輪）場,ナンバープレート
窃盗,部品ねらい,北,札幌駅北口,11029,北海道,札幌市北区,北７条西３丁目,2018/7/20,11,駐車（輪）場,その他
窃盗,部品ねらい,北,札幌駅北口,11029,北海道,札幌市北区,北７条西３丁目,2018/9/12,18,駐車（輪）場,その他
窃盗,部品ねらい,北,札幌駅北口,11029,北海道,札幌市北区,北１２条西３丁目,2018/10/19,15,その他,その他
窃盗,部品ねらい,北,北二十条,11029,北海道,札幌市北区,北１８条西３丁目,2018/8/9,9,４階建て以上共同住宅,タイヤ・ホイール
窃盗,部品ねらい,北,北二十条,11029,北海道,札幌市北区,北２２条西２丁目,2018/12/28,18,駐車（輪）場,その他
窃盗,部品ねらい,北,新琴似西,11029,北海道,札幌市北区,新琴似１１条１６丁目,2018/1/15,10,駐車（輪）場,その他
窃盗,部品ねらい,北,新琴似西,11029,北海道,札幌市北区,新琴似町,2018/2/14,20,その他,その他
窃盗,部品ねらい,北,新琴似西,11029,北海道,札幌市北区,新琴似町,2018/8/29,18,その他,その他
窃盗,部品ねらい,北,新琴似,11029,北海道,札幌市北区,新琴似３条１丁目,2018/9/29,8,駐車（輪）場,タイヤ・ホイール
窃盗,部品ねらい,北,新琴似,11029,北海道,札幌市北区,新琴似５条８丁目,2018/1/10,16,駐車（輪）場,その他
窃盗,部品ねらい,北,新琴似,11029,北海道,札幌市北区,新琴似９条１丁目,2018/8/2,8,駐車（輪）場,タイヤ・ホイール
窃盗,部品ねらい,北,北三十条,11029,北海道,札幌市北区,北２５条西３丁目,2018/9/14,21,４階建て以上共同住宅,ナンバープレート
窃盗,部品ねらい,北,北三十条,11029,北海道,札幌市北区,北３３条西４丁目,2018/8/3,7,駐車（輪）場,その他
窃盗,部品ねらい,北,新川,11029,北海道,札幌市北区,北２７条西１５丁目,2018/8/2,17,その他の住宅（３階建て以下共同住宅等）,タイヤ・ホイール
窃盗,部品ねらい,北,新川,11029,北海道,札幌市北区,新川,2018/5/14,19,その他,カーナビ
窃盗,部品ねらい,北,新川,11029,北海道,札幌市北区,新川,2018/9/5,18,その他,その他
窃盗,部品ねらい,北,篠路,11029,北海道,札幌市北区,篠路３条９丁目,2018/9/18,21,その他,その他
窃盗,部品ねらい,北,篠路,11029,北海道,札幌市北区,篠路４条１丁目,2018/2/1,不明,道路上,ナンバープレート
窃盗,部品ねらい,北,篠路,11029,北海道,札幌市北区,篠路８条４丁目,2018/6/4,22,その他の住宅（３階建て以下共同住宅等）,その他
窃盗,部品ねらい,北,篠路,11029,北海道,札幌市北区,篠路９条４丁目,2018/9/7,11,その他の住宅（３階建て以下共同住宅等）,その他
窃盗,部品ねらい,北,篠路,11029,北海道,札幌市北区,篠路町上篠路,2018/3/27,17,道路上,その他
窃盗,部品ねらい,北,篠路,11029,北海道,札幌市北区,篠路町上篠路,2018/9/13,20,駐車（輪）場,タイヤ・ホイール
窃盗,部品ねらい,北,篠路,11029,北海道,札幌市北区,篠路町篠路,2018/9/1,18,その他,その他
窃盗,部品ねらい,北,花川南,12351,北海道,石狩市,花川南２条６丁目,2018/10/1,18,一戸建住宅,その他
窃盗,部品ねらい,北,花川南,12351,北海道,石狩市,花川南１０条１丁目,2018/8/29,20,一戸建住宅,タイヤ・ホイール
窃盗,部品ねらい,北,花川北,12351,北海道,石狩市,新港南１丁目,2018/6/11,8,駐車（輪）場,その他
窃盗,部品ねらい,北,花川北,12351,北海道,石狩市,花川北２条５丁目,2018/10/5,19,その他,その他
窃盗,部品ねらい,北,花川北,12351,北海道,石狩市,花川東,2018/9/1,不明,その他,ナンバープレート
窃盗,部品ねらい,北,花川北,12351,北海道,石狩市,花畔,2018/9/14,19,その他,その他
窃盗,部品ねらい,北,花川北,12351,北海道,石狩市,緑苑台東３条３丁目,2018/12/5,19,一戸建住宅,ナンバープレート
窃盗,部品ねらい,北,屯田,11029,北海道,札幌市北区,屯田６条６丁目,2018/7/3,10,その他,タイヤ・ホイール
窃盗,部品ねらい,北,太平,11029,北海道,札幌市北区,篠路町太平,2018/11/8,15,その他,タイヤ・ホイール
窃盗,部品ねらい,北,太平,11029,北海道,札幌市北区,太平２条３丁目,2018/7/4,20,その他,タイヤ・ホイール
窃盗,部品ねらい,北,茨戸,11029,北海道,札幌市北区,西茨戸６条１丁目,2018/12/14,12,一戸建住宅,ナンバープレート
窃盗,部品ねらい,北,麻生,11029,北海道,札幌市北区,麻生町５丁目,2018/9/14,8,駐車（輪）場,その他
窃盗,部品ねらい,北,麻生,11029,北海道,札幌市北区,麻生町６丁目,2018/7/16,21,駐車（輪）場,タイヤ・ホイール
窃盗,部品ねらい,北,新光,11029,北海道,札幌市北区,新川４条８丁目,2018/6/9,21,一戸建住宅,ナンバープレート
窃盗,部品ねらい,北,新光,11029,北海道,札幌市北区,新川,2018/6/9,18,その他,その他
窃盗,部品ねらい,北,新光,11029,北海道,札幌市北区,新琴似２条１３丁目,2018/11/7,17,その他,その他
窃盗,部品ねらい,北,新光,11029,北海道,札幌市北区,新川６条１５丁目,2018/3/31,16,駐車（輪）場,その他
窃盗,部品ねらい,北,新光,11029,北海道,札幌市北区,新川西１条１丁目,2018/8/3,17,駐車（輪）場,その他
窃盗,部品ねらい,北,新光,11029,北海道,札幌市北区,新川西３条５丁目,2018/7/29,15,その他,その他
窃盗,部品ねらい,豊平,旭,11053,北海道,札幌市豊平区,豊平５条１１丁目,2018/6/30,8,駐車（輪）場,その他
窃盗,部品ねらい,豊平,美園,11053,北海道,札幌市豊平区,美園２条２丁目,2018/12/9,18,４階建て以上共同住宅,その他
窃盗,部品ねらい,豊平,美園,11053,北海道,札幌市豊平区,美園４条６丁目,2018/4/8,22,駐車（輪）場,ナンバープレート
窃盗,部品ねらい,豊平,美園,11053,北海道,札幌市豊平区,美園７条３丁目,2018/8/17,0,駐車（輪）場,その他
窃盗,部品ねらい,豊平,中の島,11053,北海道,札幌市豊平区,中の島１条１丁目,2018/4/7,18,駐車（輪）場,その他
窃盗,部品ねらい,豊平,南平岸,11053,北海道,札幌市豊平区,平岸５条１３丁目,2018/11/15,0,その他の住宅（３階建て以下共同住宅等）,その他
窃盗,部品ねらい,豊平,南平岸,11053,北海道,札幌市豊平区,平岸６条１４丁目,2018/10/6,18,駐車（輪）場,その他
窃盗,部品ねらい,豊平,月寒,11053,北海道,札幌市豊平区,月寒西２条７丁目,2018/12/9,23,４階建て以上共同住宅,カーナビ
窃盗,部品ねらい,豊平,月寒,11053,北海道,札幌市豊平区,月寒西２条９丁目,2018/12/10,18,その他の住宅（３階建て以下共同住宅等）,その他
窃盗,部品ねらい,豊平,月寒,11053,北海道,札幌市豊平区,月寒西２条９丁目,2018/12/10,20,４階建て以上共同住宅,カーナビ
窃盗,部品ねらい,豊平,月寒,11053,北海道,札幌市豊平区,月寒西２条９丁目,2018/12/10,22,その他の住宅（３階建て以下共同住宅等）,その他
窃盗,部品ねらい,豊平,月寒,11053,北海道,札幌市豊平区,月寒東２条４丁目,2018/10/22,12,駐車（輪）場,その他
窃盗,部品ねらい,豊平,月寒,11053,北海道,札幌市豊平区,月寒東３条９丁目,2018/12/10,19,その他の住宅（３階建て以下共同住宅等）,その他
窃盗,部品ねらい,豊平,月寒,11053,北海道,札幌市豊平区,月寒東５条１０丁目,2018/7/22,21,駐車（輪）場,タイヤ・ホイール
窃盗,部品ねらい,豊平,東月寒,11053,北海道,札幌市豊平区,月寒東１条１８丁目,2018/11/1,21,その他,タイヤ・ホイール
窃盗,部品ねらい,豊平,清田,11100,北海道,札幌市清田区,有明,2018/3/9,17,その他,その他
窃盗,部品ねらい,豊平,北野,11100,北海道,札幌市清田区,北野２条１丁目,2018/12/17,19,一戸建住宅,カーナビ
窃盗,部品ねらい,豊平,中央通,11100,北海道,札幌市清田区,里塚１条３丁目,2018/6/6,18,一戸建住宅,その他
窃盗,部品ねらい,豊平,中央通,11100,北海道,札幌市清田区,里塚１条４丁目,2018/4/25,16,その他,ナンバープレート
窃盗,部品ねらい,豊平,中央通,11100,北海道,札幌市清田区,里塚２条１丁目,2018/8/13,20,駐車（輪）場,ナンバープレート
窃盗,部品ねらい,豊平,中央通,11100,北海道,札幌市清田区,平岡３条５丁目,2018/6/9,17,駐車（輪）場,その他
窃盗,部品ねらい,豊平,中央通,11100,北海道,札幌市清田区,平岡３条５丁目,2018/11/18,19,その他,タイヤ・ホイール
窃盗,部品ねらい,豊平,福住,11053,北海道,札幌市豊平区,月寒東１条１３丁目,2018/4/17,7,駐車（輪）場,その他
窃盗,部品ねらい,豊平,福住,11053,北海道,札幌市豊平区,西岡３条１１丁目,2018/8/3,15,一戸建住宅,その他
窃盗,部品ねらい,豊平,福住,11053,北海道,札幌市豊平区,羊ケ丘,2018/8/29,7,駐車（輪）場,タイヤ・ホイール
窃盗,部品ねらい,豊平,美しが丘,11100,北海道,札幌市清田区,美しが丘３条５丁目,2018/5/10,17,駐車（輪）場,その他
窃盗,部品ねらい,豊平,美しが丘,11100,北海道,札幌市清田区,美しが丘４条６丁目,2018/4/18,17,駐車（輪）場,タイヤ・ホイール
窃盗,部品ねらい,豊平,美しが丘,11100,北海道,札幌市清田区,美しが丘４条６丁目,2018/7/1,22,４階建て以上共同住宅,タイヤ・ホイール
窃盗,部品ねらい,豊平,美しが丘,11100,北海道,札幌市清田区,真栄１条２丁目,2018/9/10,19,駐車（輪）場,その他
窃盗,部品ねらい,豊平,美しが丘,11100,北海道,札幌市清田区,真栄１条２丁目,2018/9/24,13,駐車（輪）場,その他
窃盗,部品ねらい,豊平,緑ヶ丘,11100,北海道,札幌市清田区,里塚緑ケ丘１２丁目,2018/2/23,1,その他,ナンバープレート
窃盗,部品ねらい,豊平,緑ヶ丘,11100,北海道,札幌市清田区,平岡公園東８丁目,2018/4/27,14,駐車（輪）場,その他
窃盗,部品ねらい,厚別,信濃,11088,北海道,札幌市厚別区,厚別町山本,2018/2/5,7,その他,ナンバープレート
窃盗,部品ねらい,厚別,信濃,11088,北海道,札幌市厚別区,厚別町山本,2018/4/15,17,その他,ナンバープレート
窃盗,部品ねらい,厚別,信濃,11088,北海道,札幌市厚別区,厚別西４条１丁目,2018/11/12,16,一戸建住宅,その他
窃盗,部品ねらい,厚別,森林公園,11088,北海道,札幌市厚別区,厚別東５条２丁目,2018/3/2,7,駐車（輪）場,その他
窃盗,部品ねらい,厚別,ひばりヶ丘,11088,北海道,札幌市厚別区,厚別中央１条４丁目,2018/8/1,2,駐車（輪）場,ナンバープレート
窃盗,部品ねらい,厚別,ひばりヶ丘,11088,北海道,札幌市厚別区,大谷地東４丁目,2018/1/3,17,駐車（輪）場,その他
窃盗,部品ねらい,厚別,上野幌,11088,北海道,札幌市厚別区,上野幌３条１丁目,2018/7/20,19,駐車（輪）場,なし
窃盗,部品ねらい,厚別,新札幌,11088,北海道,札幌市厚別区,厚別中央１条５丁目,2018/9/19,17,駐車（輪）場,その他
窃盗,部品ねらい,厚別,新札幌,11088,北海道,札幌市厚別区,厚別中央１条５丁目,2018/9/29,14,駐車（輪）場,その他
窃盗,部品ねらい,厚別,もみじ台,11088,北海道,札幌市厚別区,もみじ台北６丁目,2018/8/19,22,駐車（輪）場,タイヤ・ホイール
窃盗,部品ねらい,厚別,もみじ台,11088,北海道,札幌市厚別区,もみじ台東２丁目,2018/9/29,15,一戸建住宅,ナンバープレート
窃盗,部品ねらい,厚別,もみじ台,11088,北海道,札幌市厚別区,もみじ台東３丁目,2018/7/6,18,駐車（輪）場,タイヤ・ホイール
窃盗,部品ねらい,厚別,もみじ台,11088,北海道,札幌市厚別区,もみじ台東５丁目,2018/7/2,19,４階建て以上共同住宅,タイヤ・ホイール
窃盗,部品ねらい,厚別,もみじ台,11088,北海道,札幌市厚別区,もみじ台南５丁目,2018/10/26,17,駐車（輪）場,その他
窃盗,部品ねらい,厚別,北広島,12343,北海道,北広島市,北の里,2018/1/20,14,その他,ナンバープレート
窃盗,部品ねらい,厚別,北広島,12343,北海道,北広島市,共栄,2017/12/28,18,駐車（輪）場,ナンバープレート
窃盗,部品ねらい,厚別,北広島駅前,12343,北海道,北広島市,栄町１丁目,2018/7/4,15,駐車（輪）場,その他
窃盗,部品ねらい,厚別,大曲,12343,北海道,北広島市,大曲柏葉５丁目,2018/1/29,17,その他,その他
窃盗,部品ねらい,厚別,大曲,12343,北海道,北広島市,大曲並木１丁目,2018/11/23,20,駐車（輪）場,タイヤ・ホイール
窃盗,部品ねらい,厚別,輪厚,12343,北海道,北広島市,島松,2018/5/30,12,駐車（輪）場,ナンバープレート
窃盗,部品ねらい,厚別,西の里,12343,北海道,北広島市,西の里,2018/9/7,1,その他,その他
窃盗,部品ねらい,手稲,手稲,11096,北海道,札幌市手稲区,手稲本町１条３丁目,2018/7/20,17,駐車（輪）場,タイヤ・ホイール
窃盗,部品ねらい,手稲,手稲,11096,北海道,札幌市手稲区,富丘６条４丁目,2018/8/2,19,一戸建住宅,その他
窃盗,部品ねらい,手稲,前田,11096,北海道,札幌市手稲区,曙３条２丁目,2018/12/25,1,その他の住宅（３階建て以下共同住宅等）,カーナビ
窃盗,部品ねらい,手稲,前田,11096,北海道,札幌市手稲区,前田７条１８丁目,2018/10/12,18,道路上,ナンバープレート
窃盗,部品ねらい,手稲,前田,11096,北海道,札幌市手稲区,前田７条１８丁目,2018/10/13,20,その他,ナンバープレート
窃盗,部品ねらい,手稲,前田,11096,北海道,札幌市手稲区,前田１０条１１丁目,2018/3/9,23,一戸建住宅,その他
窃盗,部品ねらい,手稲,手稲山口,11096,北海道,札幌市手稲区,明日風１丁目,2018/7/28,21,一戸建住宅,その他
窃盗,部品ねらい,手稲,西宮の沢,11096,北海道,札幌市手稲区,西宮の沢３条１丁目,2018/9/4,17,駐車（輪）場,タイヤ・ホイール
窃盗,部品ねらい,手稲,西宮の沢,11096,北海道,札幌市手稲区,西宮の沢４条２丁目,2018/10/18,21,その他,その他
窃盗,部品ねらい,手稲,西宮の沢,11096,北海道,札幌市手稲区,西宮の沢４条３丁目,2018/10/18,15,駐車（輪）場,その他
窃盗,部品ねらい,手稲,西宮の沢,11096,北海道,札幌市手稲区,西宮の沢５条１丁目,2018/8/16,16,駐車（輪）場,ナンバープレート
窃盗,部品ねらい,手稲,稲積,11096,北海道,札幌市手稲区,新発寒６条９丁目,2018/8/26,16,一戸建住宅,ナンバープレート
窃盗,部品ねらい,手稲,稲積,11096,北海道,札幌市手稲区,新発寒６条１０丁目,2018/12/11,12,その他の住宅（３階建て以下共同住宅等）,その他
窃盗,部品ねらい,手稲,稲積,11096,北海道,札幌市手稲区,前田１条５丁目,2018/9/28,6,駐車（輪）場,タイヤ・ホイール
窃盗,部品ねらい,手稲,稲積,11096,北海道,札幌市手稲区,前田３条７丁目,2018/11/22,21,駐車（輪）場,タイヤ・ホイール
窃盗,部品ねらい,手稲,星置,11096,北海道,札幌市手稲区,曙１１条１丁目,2018/8/19,14,４階建て以上共同住宅,なし
窃盗,部品ねらい,函館中央,駒場,12025,北海道,函館市,湯川町２丁目,2018/3/31,20,その他,その他
窃盗,部品ねらい,函館中央,日吉,12025,北海道,函館市,日吉町２丁目,2018/8/2,11,駐車（輪）場,ナンバープレート
窃盗,部品ねらい,函館中央,本町,12025,北海道,函館市,千代台町,2018/9/16,17,その他,その他
窃盗,部品ねらい,函館中央,本町,12025,北海道,函館市,時任町,2018/4/10,14,その他の住宅（３階建て以下共同住宅等）,その他
窃盗,部品ねらい,函館中央,本町,12025,北海道,函館市,時任町,2018/5/25,14,その他の住宅（３階建て以下共同住宅等）,その他
窃盗,部品ねらい,函館中央,湯川,12025,北海道,函館市,榎本町,2018/7/4,21,その他の住宅（３階建て以下共同住宅等）,その他
窃盗,部品ねらい,函館中央,湯川,12025,北海道,函館市,高丘町,2018/3/16,18,一戸建住宅,その他
窃盗,部品ねらい,函館中央,富岡,12025,北海道,函館市,富岡町２丁目,2017/12/11,不明,その他の住宅（３階建て以下共同住宅等）,ナンバープレート
窃盗,部品ねらい,函館中央,桔梗,12025,北海道,函館市,西桔梗町,2018/4/9,18,その他,その他
窃盗,部品ねらい,函館中央,鍛神,12025,北海道,函館市,中道２丁目,2018/4/7,17,一戸建住宅,ナンバープレート
窃盗,部品ねらい,函館中央,大野,12360,北海道,北斗市,市渡１丁目,2018/4/19,17,駐車（輪）場,ナンバープレート
窃盗,部品ねらい,函館中央,大野,12360,北海道,北斗市,開発,2018/4/20,22,その他,タイヤ・ホイール
窃盗,部品ねらい,函館中央,大野,12360,北海道,北斗市,開発,2018/7/21,18,一戸建住宅,タイヤ・ホイール
窃盗,部品ねらい,函館中央,大野,12360,北海道,北斗市,本郷２丁目,2018/5/14,18,その他の住宅（３階建て以下共同住宅等）,その他
窃盗,部品ねらい,函館中央,戸井西,12025,北海道,函館市,瀬田来町,2018/7/20,12,その他,その他
窃盗,部品ねらい,函館中央,石崎,12025,北海道,函館市,石崎町,2017/4/11,8,その他,その他
窃盗,部品ねらい,函館中央,北斗,12360,北海道,北斗市,添山,2018/7/1,13,その他,タイヤ・ホイール
窃盗,部品ねらい,函館中央,北斗,12360,北海道,北斗市,添山,2018/9/16,10,駐車（輪）場,その他
窃盗,部品ねらい,函館中央,七重浜,12360,北海道,北斗市,七重浜４丁目,2018/12/9,0,その他,カーナビ
窃盗,部品ねらい,函館中央,七重浜,12360,北海道,北斗市,七重浜７丁目,2018/3/28,16,その他,カーナビ
窃盗,部品ねらい,函館中央,昭和,12025,北海道,函館市,西桔梗町,2018/12/25,14,駐車（輪）場,その他
窃盗,部品ねらい,函館中央,東山,12025,北海道,函館市,陣川町,2018/4/24,8,その他,その他
窃盗,部品ねらい,函館中央,東山,12025,北海道,函館市,陣川町,2018/8/21,18,その他,その他
窃盗,部品ねらい,函館中央,東山,12025,北海道,函館市,本通２丁目,2018/6/18,10,道路上,その他
窃盗,部品ねらい,函館中央,東山,12025,北海道,函館市,東山３丁目,2018/7/31,15,一戸建住宅,ナンバープレート
窃盗,部品ねらい,函館中央,東山,12025,北海道,函館市,東山３丁目,2018/9/23,1,その他の住宅（３階建て以下共同住宅等）,その他
窃盗,部品ねらい,函館中央,美原,12025,北海道,函館市,神山１丁目,2018/4/18,13,その他の住宅（３階建て以下共同住宅等）,その他
窃盗,部品ねらい,函館西,函館駅前,12025,北海道,函館市,,2018/2/11,18,その他,その他
窃盗,部品ねらい,函館西,函館駅前,12025,北海道,函館市,海岸町,2018/5/7,17,その他,その他
窃盗,部品ねらい,函館西,函館駅前,12025,北海道,函館市,海岸町,2018/12/24,16,道路上,ナンバープレート
窃盗,部品ねらい,函館西,函館駅前,12025,北海道,函館市,若松町,2018/7/9,16,その他,その他
窃盗,部品ねらい,函館西,万代,12025,北海道,函館市,万代町,2018/1/6,19,その他,その他
窃盗,部品ねらい,函館西,港,12025,北海道,函館市,港町３丁目,2018/4/23,15,駐車（輪）場,その他
窃盗,部品ねらい,森,署所在地,13455,北海道,森町,,2018/2/13,16,その他,その他
窃盗,部品ねらい,森,石谷,13455,北海道,森町,字蛯谷町,2018/11/18,10,その他,その他
窃盗,部品ねらい,八雲,署所在地,13463,北海道,八雲町,豊河町,2018/10/7,23,道路上,ナンバープレート
窃盗,部品ねらい,木古内,署所在地,13340,北海道,木古内町,字大川,2018/6/23,17,その他,その他
窃盗,部品ねらい,江差,水堀,13617,北海道,江差町,字水堀町,2018/2/2,17,その他,その他
窃盗,部品ねらい,寿都,黒松内,13935,北海道,黒松内町,字黒松内,2018/1/23,17,一戸建住宅,その他
窃盗,部品ねらい,旭川中央,駅前,12041,北海道,旭川市,宮下通８丁目,2018/2/1,不明,その他,その他
窃盗,部品ねらい,旭川中央,駅前,12041,北海道,旭川市,宮下通８丁目,2018/2/1,不明,その他,その他
窃盗,部品ねらい,旭川中央,駅前,12041,北海道,旭川市,宮下通８丁目,2018/3/18,不明,その他,その他
窃盗,部品ねらい,旭川中央,駅前,12041,北海道,旭川市,宮下通８丁目,2018/3/18,不明,その他,その他
窃盗,部品ねらい,旭川中央,駅前,12041,北海道,旭川市,宮下通８丁目,2018/7/7,11,駐車（輪）場,その他
窃盗,部品ねらい,旭川中央,七条通,12041,北海道,旭川市,６条通１４丁目,2018/7/23,16,駐車（輪）場,その他
窃盗,部品ねらい,旭川中央,大町,12041,北海道,旭川市,大町１条１４丁目,2018/4/29,18,道路上,その他
窃盗,部品ねらい,旭川中央,春光,12041,北海道,旭川市,末広１条２丁目,2018/8/13,12,一戸建住宅,その他
窃盗,部品ねらい,旭川中央,春光,12041,北海道,旭川市,末広８条２丁目,2018/6/4,8,その他,その他
窃盗,部品ねらい,旭川中央,春光,12041,北海道,旭川市,春光６条８丁目,2018/9/1,16,道路上,ナンバープレート
窃盗,部品ねらい,旭川中央,神居,12041,北海道,旭川市,神居２条１３丁目,2018/11/2,21,その他の住宅（３階建て以下共同住宅等）,その他
窃盗,部品ねらい,旭川中央,神居,12041,北海道,旭川市,神居４条１丁目,2018/1/10,13,その他,ナンバープレート
窃盗,部品ねらい,旭川中央,神居,12041,北海道,旭川市,神居４条１丁目,2018/1/19,11,その他,ナンバープレート
窃盗,部品ねらい,旭川中央,神居,12041,北海道,旭川市,神居６条１９丁目,2018/6/14,0,駐車（輪）場,ナンバープレート
窃盗,部品ねらい,旭川中央,神居,12041,北海道,旭川市,神居８条１丁目,2018/10/21,21,その他,タイヤ・ホイール
窃盗,部品ねらい,旭川中央,春光台,12041,北海道,旭川市,春光台４条７丁目,2018/9/24,18,その他,その他
窃盗,部品ねらい,旭川中央,東鷹栖,12041,北海道,旭川市,東鷹栖４線１０号,2018/9/21,19,その他,その他
窃盗,部品ねらい,旭川中央,蘭留,14559,北海道,比布町,北８線１３号,2018/4/21,17,その他,ナンバープレート
窃盗,部品ねらい,旭川中央,忠和,12041,北海道,旭川市,神居町忠和,2018/7/14,14,駐車（輪）場,その他
窃盗,部品ねらい,旭川中央,忠和,12041,北海道,旭川市,台場４条１丁目,2018/8/7,20,一戸建住宅,その他
窃盗,部品ねらい,富良野,駅前,12297,北海道,富良野市,住吉町,2018/12/7,18,その他の住宅（３階建て以下共同住宅等）,その他
窃盗,部品ねらい,富良野,駅前,12297,北海道,富良野市,若松町,2016/12/1,不明,駐車（輪）場,その他
窃盗,部品ねらい,深川,一已,12289,北海道,深川市,北光町３丁目,2018/12/20,19,駐車（輪）場,その他
窃盗,部品ねらい,留萌,幸町,12122,北海道,留萌市,大町３丁目,2018/1/15,18,その他の住宅（３階建て以下共同住宅等）,その他
窃盗,部品ねらい,留萌,駅前,12122,北海道,留萌市,開運町３丁目,2018/3/20,18,駐車（輪）場,その他
窃盗,部品ねらい,留萌,駅前,12122,北海道,留萌市,千鳥町４丁目,2018/11/20,21,駐車（輪）場,その他
窃盗,部品ねらい,留萌,大和田,12122,北海道,留萌市,潮静１丁目,2018/4/16,17,一戸建住宅,その他
窃盗,部品ねらい,旭川東,二条通,12041,北海道,旭川市,１条通２４丁目,2018/6/7,7,駐車（輪）場,その他
窃盗,部品ねらい,旭川東,永山西,12041,北海道,旭川市,永山１条１０丁目,2018/4/12,14,その他,その他
窃盗,部品ねらい,旭川東,永山西,12041,北海道,旭川市,永山２条１２丁目,2018/10/31,19,その他,タイヤ・ホイール
窃盗,部品ねらい,旭川東,永山西,12041,北海道,旭川市,永山４条６丁目,2018/9/10,17,その他,カーナビ
窃盗,部品ねらい,旭川東,永山西,12041,北海道,旭川市,永山８条７丁目,2018/4/16,14,一戸建住宅,ナンバープレート
窃盗,部品ねらい,旭川東,東旭川,12041,北海道,旭川市,東旭川北１条５丁目,2018/9/2,22,その他の住宅（３階建て以下共同住宅等）,その他
窃盗,部品ねらい,釧路,城山,12068,北海道,釧路市,,2018/11/3,22,その他の住宅（３階建て以下共同住宅等）,その他
窃盗,部品ねらい,釧路,駅前,12068,北海道,釧路市,北大通１４丁目,2018/8/3,12,駐車（輪）場,タイヤ・ホイール
窃盗,部品ねらい,釧路,駅前,12068,北海道,釧路市,北大通１４丁目,2018/10/13,9,その他,その他
窃盗,部品ねらい,釧路,川北通,12068,北海道,釧路市,新富町,2017/11/11,11,駐車（輪）場,ナンバープレート
窃盗,部品ねらい,釧路,共栄,12068,北海道,釧路市,中園町,2018/8/22,22,その他の住宅（３階建て以下共同住宅等）,その他
窃盗,部品ねらい,釧路,大楽毛,12068,北海道,釧路市,大楽毛北１丁目,2018/2/3,20,駐車（輪）場,タイヤ・ホイール
窃盗,部品ねらい,釧路,大楽毛,12068,北海道,釧路市,大楽毛南３丁目,2018/3/3,17,駐車（輪）場,その他
窃盗,部品ねらい,釧路,大楽毛,12068,北海道,釧路市,新野７線,2018/1/24,13,その他,ナンバープレート
窃盗,部品ねらい,釧路,鳥取西,12068,北海道,釧路市,鳥取大通７丁目,2018/2/20,11,駐車（輪）場,タイヤ・ホイール
窃盗,部品ねらい,釧路,鳥取西,12068,北海道,釧路市,鳥取南７丁目,2018/3/1,13,その他,その他
窃盗,部品ねらい,釧路,鳥取西,12068,北海道,釧路市,星が浦大通２丁目,2018/5/16,11,その他,タイヤ・ホイール
窃盗,部品ねらい,釧路,鳥取西,12068,北海道,釧路市,中鶴野,2016/6/1,0,駐車（輪）場,その他
窃盗,部品ねらい,釧路,鳥取西,12068,北海道,釧路市,中鶴野,2018/2/15,16,一戸建住宅,ナンバープレート
窃盗,部品ねらい,釧路,桂,16616,北海道,釧路町,国誉４丁目,2018/3/11,21,一戸建住宅,ナンバープレート
窃盗,部品ねらい,釧路,遠矢,16616,北海道,釧路町,鳥通東３丁目,2018/3/3,22,駐車（輪）場,その他
窃盗,部品ねらい,釧路,昭和,12068,北海道,釧路市,昭和中央４丁目,2018/7/28,15,駐車（輪）場,タイヤ・ホイール
窃盗,部品ねらい,弟子屈,署所在地,16659,北海道,弟子屈町,朝日２丁目,2018/4/28,16,駐車（輪）場,ナンバープレート
窃盗,部品ねらい,根室,納沙布,12238,北海道,根室市,歯舞４丁目,2018/1/7,6,その他,その他
窃盗,部品ねらい,中標津,中央,16926,北海道,中標津町,東３２条北１丁目,2018/1/29,18,その他,タイヤ・ホイール
窃盗,部品ねらい,中標津,中央,16926,北海道,中標津町,東３３条北１丁目,2018/1/30,20,その他,タイヤ・ホイール
窃盗,部品ねらい,中標津,別海,16918,北海道,別海町,本別海,2018/1/1,11,その他,その他
窃盗,部品ねらい,中標津,川北,16934,北海道,標津町,字川北,2018/6/9,14,その他,その他
窃盗,部品ねらい,池田,署所在地,16446,北海道,池田町,,2018/11/22,19,駐車（輪）場,その他
窃盗,部品ねらい,帯広,西十七条,12076,北海道,帯広市,西１６条北１丁目,2018/9/1,0,その他,その他
窃盗,部品ねらい,帯広,東四条,12076,北海道,帯広市,東７条南１３丁目,2018/5/17,19,その他の住宅（３階建て以下共同住宅等）,タイヤ・ホイール
窃盗,部品ねらい,帯広,東四条,12076,北海道,帯広市,依田町,2018/5/25,15,一戸建住宅,その他
窃盗,部品ねらい,帯広,西五条,12076,北海道,帯広市,西３条南１７丁目,2018/8/28,23,その他の住宅（３階建て以下共同住宅等）,カーナビ
窃盗,部品ねらい,帯広,柏林台,12076,北海道,帯広市,,2017/12/31,10,その他,その他
窃盗,部品ねらい,帯広,柏林台,12076,北海道,帯広市,西１７条南１丁目,2018/9/4,18,その他,その他
窃盗,部品ねらい,帯広,西帯広,12076,北海道,帯広市,西２０条北２丁目,2017/11/1,10,その他,その他
窃盗,部品ねらい,帯広,西帯広,12076,北海道,帯広市,西２１条北１丁目,2018/9/8,17,その他,タイヤ・ホイール
窃盗,部品ねらい,帯広,西帯広,12076,北海道,帯広市,西２２条南１丁目,2018/7/7,18,その他,タイヤ・ホイール
窃盗,部品ねらい,帯広,十勝川温泉,16314,北海道,音更町,宝来西町南２丁目,2018/3/27,20,その他の住宅（３階建て以下共同住宅等）,ナンバープレート
窃盗,部品ねらい,帯広,木野,16314,北海道,音更町,宝来西町南２丁目,2018/3/27,18,その他の住宅（３階建て以下共同住宅等）,ナンバープレート
窃盗,部品ねらい,帯広,札内,16438,北海道,幕別町,札内共栄町,2018/7/8,13,一戸建住宅,その他
窃盗,部品ねらい,帯広,札内,16438,北海道,幕別町,字千住,2015/7/7,不明,その他,その他
窃盗,部品ねらい,帯広,札内,16438,北海道,幕別町,字千住,2018/2/16,21,その他,タイヤ・ホイール
窃盗,部品ねらい,帯広,上士幌,16331,北海道,上士幌町,,不明,不明,その他,その他
窃盗,部品ねらい,帯広,芽室,16373,北海道,芽室町,北伏古東８線,2018/8/3,8,その他,その他
窃盗,部品ねらい,帯広,芽室,16373,北海道,芽室町,,2018/8/5,20,その他,その他
窃盗,部品ねらい,帯広,芽室,16373,北海道,芽室町,東５条９丁目,2018/11/7,不明,その他,その他
窃盗,部品ねらい,帯広,芽室,16373,北海道,芽室町,東芽室基線,2018/1/8,9,その他,ナンバープレート
窃盗,部品ねらい,帯広,芽室,16373,北海道,芽室町,東芽室基線,2018/2/19,16,その他,その他
窃盗,部品ねらい,帯広,芽室,16373,北海道,芽室町,,2018/11/2,11,その他,ナンバープレート
窃盗,部品ねらい,北見,駅前,12084,北海道,北見市,大通西１丁目,2018/2/21,不明,その他,その他
窃盗,部品ねらい,北見,上常呂,12084,北海道,北見市,豊地,2018/9/5,15,駐車（輪）場,その他
窃盗,部品ねらい,北見,端野,12084,北海道,北見市,,2018/4/15,14,駐車（輪）場,その他
窃盗,部品ねらい,遠軽,駅前,15555,北海道,遠軽町,岩見通南１丁目,2018/2/21,不明,その他,その他
窃盗,部品ねらい,網走,中央,12114,北海道,網走市,南２条西４丁目,2018/8/3,15,駐車（輪）場,その他
窃盗,部品ねらい,網走,東藻琴,15644,北海道,大空町,東藻琴,2018/9/2,8,その他の住宅（３階建て以下共同住宅等）,その他
窃盗,部品ねらい,美幌,仲町,15431,北海道,美幌町,字青山南,2018/4/17,17,一戸建住宅,その他
